shard	bundle	package	version	covr_status	member	md5
0	covr-raw-s0-a.tar.gz	abbreviate	0.1	ok	out/raw/a/abbreviate_0.1.rds	cf7531219ae6bf700f5d28d1c22da004
0	covr-raw-s0-a.tar.gz	abdiv	0.2.0	ok	out/raw/a/abdiv_0.2.0.rds	63bb7f7b3bee891200f079494b05f0bd
0	covr-raw-s0-a.tar.gz	abe	5.1.2	ok	out/raw/a/abe_5.1.2.rds	42eafd37abb6ca97fd57c15e8ba0a67f
0	covr-raw-s0-a.tar.gz	abess	0.4.11	ok	out/raw/a/abess_0.4.11.rds	a325a62763b4b9cc7fa670d4316ab517
0	covr-raw-s0-a.tar.gz	abima	1.1	ok	out/raw/a/abima_1.1.rds	93512182983ddc019a1f2a0b9140a3e6
0	covr-raw-s0-a.tar.gz	abjutils	0.3.2	ok	out/raw/a/abjutils_0.3.2.rds	4ecbf88a14da65a713230450ebe64022
0	covr-raw-s0-a.tar.gz	academictwitteR	0.3.1	ok	out/raw/a/academictwitteR_0.3.1.rds	d9cbadb778c35ece678a8c5180a152cb
0	covr-raw-s0-a.tar.gz	AcceptReject	0.1.2	ok	out/raw/a/AcceptReject_0.1.2.rds	4db0c4d64efa10eed1d9e6199b88f56b
0	covr-raw-s0-a.tar.gz	accessibility	1.5.0	ok	out/raw/a/accessibility_1.5.0.rds	f7117bf360cb6fa496ea8f064218f230
0	covr-raw-s0-a.tar.gz	accrualPlot	1.0.10	ok	out/raw/a/accrualPlot_1.0.10.rds	bd2265978103bc1fa6e06099dcbfad11
0	covr-raw-s0-a.tar.gz	acledR	1.0.1	test_error	out/raw/a/acledR_1.0.1.rds	46cfcb35c0a8c9a734bf90cd42e74f47
0	covr-raw-s0-a.tar.gz	acnr	1.0.0	ok	out/raw/a/acnr_1.0.0.rds	2d1f7e349c527c8a5bc971e70ef60eb9
0	covr-raw-s0-a.tar.gz	acss	0.3-2	ok	out/raw/a/acss_0.3-2.rds	03034856872265eb7c31d4b7f9dc6344
0	covr-raw-s0-a.tar.gz	actLifer	1.0.0	ok	out/raw/a/actLifer_1.0.0.rds	7ca6d65b9893dad1596b7f5bb9493df0
0	covr-raw-s0-a.tar.gz	actuar	3.3-7	ok	out/raw/a/actuar_3.3-7.rds	001c8099c3a85233683289c5ef8d1a5e
0	covr-raw-s0-a.tar.gz	ACV	1.0.2	ok	out/raw/a/ACV_1.0.2.rds	1aa9fbff88808321e817a0a5e2f63df6
0	covr-raw-s0-a.tar.gz	adace	1.0.2	ok	out/raw/a/adace_1.0.2.rds	5eb40842174d6f6d0192f51bcb50d293
0	covr-raw-s0-a.tar.gz	adaptr	1.5.0	ok	out/raw/a/adaptr_1.5.0.rds	ecc2ed82036a8435d9fda6da3109cc96
0	covr-raw-s0-a.tar.gz	adbi	0.1.2	test_error	out/raw/a/adbi_0.1.2.rds	829f0b478cbdc47df144b5d53e34fd1d
0	covr-raw-s0-a.tar.gz	adc	1.0.0	ok	out/raw/a/adc_1.0.0.rds	701f7f2ad024ee7c7bfc62280e481113
0	covr-raw-s0-a.tar.gz	adegenet	2.1.11	ok	out/raw/a/adegenet_2.1.11.rds	36530fc244e72c5c42d78d8ac3f1b091
0	covr-raw-s0-a.tar.gz	admiral	1.5.0	ok	out/raw/a/admiral_1.5.0.rds	5f44c6830291b5ca46259baa06d71cf0
0	covr-raw-s0-a.tar.gz	admiraldev	1.5.0	ok	out/raw/a/admiraldev_1.5.0.rds	99d515bc20021339dee5a9ad8d665225
0	covr-raw-s0-a.tar.gz	adplots	0.1.0	ok	out/raw/a/adplots_0.1.0.rds	08940f9bddccd54e7e91f7e81b09b122
0	covr-raw-s0-a.tar.gz	aebdata	0.1.7	ok	out/raw/a/aebdata_0.1.7.rds	98e983d6295635189f228da35d128809
0	covr-raw-s0-a.tar.gz	aemo	0.4.1	ok	out/raw/a/aemo_0.4.1.rds	9e950711716aaf41ef2552390372f309
0	covr-raw-s0-a.tar.gz	affiner	0.3.1	ok	out/raw/a/affiner_0.3.1.rds	b9aa582d3d3e75b2c5fce1530dd7f1bd
0	covr-raw-s0-a.tar.gz	affinitymatrix	0.1.0	ok	out/raw/a/affinitymatrix_0.1.0.rds	a2a11cedd79c26bd8ee06a50770361b0
0	covr-raw-s0-a.tar.gz	aftables	2.0.1	ok	out/raw/a/aftables_2.0.1.rds	957a3f52f053251533ead411764a3d5b
0	covr-raw-s0-a.tar.gz	aggutils	1.0.2	ok	out/raw/a/aggutils_1.0.2.rds	46da1445517d8df9a4453bbf44749cf3
0	covr-raw-s0-a.tar.gz	agua	0.1.4	test_error	out/raw/a/agua_0.1.4.rds	ebfead0cf9cab9d498331a47b206ea87
0	covr-raw-s0-a.tar.gz	ai	1.0.4.44	ok	out/raw/a/ai_1.0.4.44.rds	07f77068119c8975d89404861767656f
0	covr-raw-s0-a.tar.gz	aieconindex	0.1.1	ok	out/raw/a/aieconindex_0.1.1.rds	bcd5ebb62a3e0f2277cac9c02b58852b
0	covr-raw-s0-a.tar.gz	aire.zmvm	1.0.2	ok	out/raw/a/aire.zmvm_1.0.2.rds	9e87d45f5408cf1d65233d3bf2a1b7dd
0	covr-raw-s0-a.tar.gz	airGRteaching	0.3.5	test_error	out/raw/a/airGRteaching_0.3.5.rds	6b8462a35fcd6df191e0e0cc01fcd4d0
0	covr-raw-s0-a.tar.gz	aLBI	0.1.9	ok	out/raw/a/aLBI_0.1.9.rds	22b24bfbd9346a8d37e8b35b224d2bbd
0	covr-raw-s0-a.tar.gz	ALFAM2	4.2.14	ok	out/raw/a/ALFAM2_4.2.14.rds	9709fe70f9aaba18c34c081587054942
0	covr-raw-s0-a.tar.gz	AlgeriAPIs	0.1.0	test_error	out/raw/a/AlgeriAPIs_0.1.0.rds	da094154bf027398c60f118fa2b9537b
0	covr-raw-s0-a.tar.gz	alkahest	1.3.0	ok	out/raw/a/alkahest_1.3.0.rds	88d835c57570a90610d249fd1d254375
0	covr-raw-s0-a.tar.gz	allcontributors	0.2.3	ok	out/raw/a/allcontributors_0.2.3.rds	d99f508f5cc0da073710155dba202bdf
0	covr-raw-s0-a.tar.gz	allofus	1.2.0	ok	out/raw/a/allofus_1.2.0.rds	89860e80e5255f7c70a0f0d8c5e173e4
0	covr-raw-s0-a.tar.gz	almanac	1.0.0	test_error	out/raw/a/almanac_1.0.0.rds	0309866c0eb8da540471fde706bc2806
0	covr-raw-s0-a.tar.gz	alphaN	0.1.2	ok	out/raw/a/alphaN_0.1.2.rds	e9f4e2f08fc179b0a570de81667acdd8
0	covr-raw-s0-a.tar.gz	alpmixBayes	0.1.0	ok	out/raw/a/alpmixBayes_0.1.0.rds	fe53c0285e606fc465090f54ec5801bc
0	covr-raw-s0-a.tar.gz	amapro	0.1.4	ok	out/raw/a/amapro_0.1.4.rds	5fd10dcf49fa096e902c1a392201dd69
0	covr-raw-s0-a.tar.gz	ambiorix	3.0.0	ok	out/raw/a/ambiorix_3.0.0.rds	8e6af00363e3b236669cea200a6d3d52
0	covr-raw-s0-a.tar.gz	amp	1.0.0	ok	out/raw/a/amp_1.0.0.rds	5adf34d2470afa2ce639129cce9593db
0	covr-raw-s0-a.tar.gz	amp.dm	0.2.1	test_error	out/raw/a/amp.dm_0.2.1.rds	72f01c1ff0b81144c652d048de9bbefa
0	covr-raw-s0-a.tar.gz	analogue	0.18.1	ok	out/raw/a/analogue_0.18.1.rds	c498343e530ff15a3a29fa0179458336
0	covr-raw-s0-a.tar.gz	AnalyzeFMRI	1.1-26	ok	out/raw/a/AnalyzeFMRI_1.1-26.rds	83cb8c558e4d596ad851262f540c2f10
0	covr-raw-s0-a.tar.gz	AnglerCreelSurveySimulation	1.0.3	ok	out/raw/a/AnglerCreelSurveySimulation_1.0.3.rds	581f5f0bf5ecebede02a3b7b5993659a
0	covr-raw-s0-a.tar.gz	anndata	0.8.0	ok	out/raw/a/anndata_0.8.0.rds	ef7e1ba95cc1b162433795ec53945f00
0	covr-raw-s0-a.tar.gz	anomalize	0.3.0	ok	out/raw/a/anomalize_0.3.0.rds	958ecabc98215549579aa11b7c6e9331
0	covr-raw-s0-a.tar.gz	ANSM5	1.1.1	ok	out/raw/a/ANSM5_1.1.1.rds	542abfe85802380c847e0017ca1ae43e
0	covr-raw-s0-a.tar.gz	antaresProcessing	0.18.3	ok	out/raw/a/antaresProcessing_0.18.3.rds	c6c4fca77d7bdfa0972832f1a91e5cd7
0	covr-raw-s0-a.tar.gz	anthro	1.1.0	ok	out/raw/a/anthro_1.1.0.rds	b23d44bc524f698018a05adc2ab8348b
0	covr-raw-s0-a.tar.gz	anyflights	0.3.5	test_error	out/raw/a/anyflights_0.3.5.rds	d59309b5bc5155bd12429112f07f4d0d
0	covr-raw-s0-a.tar.gz	aoos	0.5.0	ok	out/raw/a/aoos_0.5.0.rds	5f27933a720150aec91d8d441b4320f9
0	covr-raw-s0-a.tar.gz	aorsf	0.1.6	test_error	out/raw/a/aorsf_0.1.6.rds	15964ed40ae452de9a574e495fa0cabe
0	covr-raw-s0-a.tar.gz	AOUSDOHtools	1.0.4	ok	out/raw/a/AOUSDOHtools_1.0.4.rds	9038e96c08c1b7306e8403ebf20d02fb
0	covr-raw-s0-a.tar.gz	apca	1.0.0	ok	out/raw/a/apca_1.0.0.rds	234fc91861f60d909e9583257872c8e3
0	covr-raw-s0-a.tar.gz	api2lm	0.2	ok	out/raw/a/api2lm_0.2.rds	601bab6433cd23a349b4740f4c839a07
0	covr-raw-s0-a.tar.gz	aplms	0.1.0	ok	out/raw/a/aplms_0.1.0.rds	ae32ae0e30aad48ff2d450a692666286
0	covr-raw-s0-a.tar.gz	ApplyPolygenicScore	4.0.2	ok	out/raw/a/ApplyPolygenicScore_4.0.2.rds	e6c493872f821601ee2fa5af3e5a56a8
0	covr-raw-s0-a.tar.gz	apportion	0.0.2	ok	out/raw/a/apportion_0.0.2.rds	bc717ad044df5c2728a653e1b8a4dd7d
0	covr-raw-s0-a.tar.gz	aqp	2.3.2	ok	out/raw/a/aqp_2.3.2.rds	05969aa2fd00140a72361449a577a2e0
0	covr-raw-s0-a.tar.gz	aquacultuR	1.1.1	ok	out/raw/a/aquacultuR_1.1.1.rds	55da3734a1da61780039080762fba34e
0	covr-raw-s0-a.tar.gz	arcgeocoder	0.4.1	ok	out/raw/a/arcgeocoder_0.4.1.rds	05b535e9d3fb88133038f1b7d1f2d664
0	covr-raw-s0-a.tar.gz	archipelago	0.1.0	ok	out/raw/a/archipelago_0.1.0.rds	a487507fd4e6e73a1ea7096c788c195d
0	covr-raw-s0-a.tar.gz	ARCHISSUR	0.0.1	ok	out/raw/a/ARCHISSUR_0.0.1.rds	7b34cd645075369c4946ead2a4d2cfd6
0	covr-raw-s0-a.tar.gz	arcpy	0.4-0	ok	out/raw/a/arcpy_0.4-0.rds	ed4d1cd587562db406ea2c2fb0d46204
0	covr-raw-s0-a.tar.gz	area	0.2.0	ok	out/raw/a/area_0.2.0.rds	8a42cebf380de173ba8b39edcf75519c
0	covr-raw-s0-a.tar.gz	ArgentinAPI	0.2.1	test_error	out/raw/a/ArgentinAPI_0.2.1.rds	b54b7953d2e8ecd708f3b6b66ccd32c8
0	covr-raw-s0-a.tar.gz	argo	3.0.3	ok	out/raw/a/argo_3.0.3.rds	a4372457c9990983e957508f520884df
0	covr-raw-s0-a.tar.gz	argoFloats	1.0.9	test_error	out/raw/a/argoFloats_1.0.9.rds	161a357c3cc7a672b3331ca344fe5216
0	covr-raw-s0-a.tar.gz	argparser	0.7.3	ok	out/raw/a/argparser_0.7.3.rds	80d06d47e176c2876439bf4c1ab486a2
0	covr-raw-s0-a.tar.gz	aricode	1.1.0	ok	out/raw/a/aricode_1.1.0.rds	bab419bd64f7ee73cf72a9bff99f0136
0	covr-raw-s0-a.tar.gz	arkhaia	0.5.5	ok	out/raw/a/arkhaia_0.5.5.rds	67f3c01080ab23479f782cb2db984675
0	covr-raw-s0-a.tar.gz	arkhe	1.11.0	ok	out/raw/a/arkhe_1.11.0.rds	2310ef4f6feea73ae8d5bc05f4bdc0d0
0	covr-raw-s0-a.tar.gz	armspp	0.0.3	ok	out/raw/a/armspp_0.0.3.rds	0cbde7a5320fe50d6654f9a59cc3bef9
0	covr-raw-s0-a.tar.gz	aroma.apd	0.7.1	ok	out/raw/a/aroma.apd_0.7.1.rds	0526659e1715248525dd3e84b11611c8
0	covr-raw-s0-a.tar.gz	aRpsDCA	1.1.1	ok	out/raw/a/aRpsDCA_1.1.1.rds	30b02b7bf936cc3b5f6f929f31c7c915
0	covr-raw-s0-a.tar.gz	arrayhelpers	1.1-1	ok	out/raw/a/arrayhelpers_1.1-1.rds	2877047de8de38289a96748af4e39348
0	covr-raw-s0-a.tar.gz	artma	0.3.3	test_error	out/raw/a/artma_0.3.3.rds	32dff5b609577f242c9640dc243b5200
0	covr-raw-s0-a.tar.gz	artoo	0.1.2	ok	out/raw/a/artoo_0.1.2.rds	cf6f8a5ec0c294ff1a046565190a6e97
0	covr-raw-s0-a.tar.gz	arulesSequences	0.2-32	ok	out/raw/a/arulesSequences_0.2-32.rds	8cf4559618e6df0b531df78c58588178
0	covr-raw-s0-a.tar.gz	aRxiv	0.20	ok	out/raw/a/aRxiv_0.20.rds	e8caeba4e4ddb006066e0bbc3a53f99d
0	covr-raw-s0-a.tar.gz	ASGS.foyer	0.3.3	ok	out/raw/a/ASGS.foyer_0.3.3.rds	cf0ce7e4b1483fbc41251b07c4137986
0	covr-raw-s0-a.tar.gz	askgpt	0.1.3	test_error	out/raw/a/askgpt_0.1.3.rds	a0ac323d119e1e59266ee2744cdfe799
0	covr-raw-s0-a.tar.gz	askpass	1.2.1	ok	out/raw/a/askpass_1.2.1.rds	90eb4bb33b4d6519fc908f20991f98ce
0	covr-raw-s0-a.tar.gz	assemblykor	0.1.2	ok	out/raw/a/assemblykor_0.1.2.rds	49b44fa583710cce010e8c169705534a
0	covr-raw-s0-a.tar.gz	assertions	0.3.0	ok	out/raw/a/assertions_0.3.0.rds	55bfc0498ea5e47d31f84b5b37533745
0	covr-raw-s0-a.tar.gz	assertthat	0.2.1	ok	out/raw/a/assertthat_0.2.1.rds	5b8e9b50891aae576408634d7fd0f1e4
0	covr-raw-s0-a.tar.gz	assignPOP	1.3.1	ok	out/raw/a/assignPOP_1.3.1.rds	27335efd8aeaadc13cfe5f6fffccbaaf
0	covr-raw-s0-a.tar.gz	AssociationExplorer2	0.1.5	ok	out/raw/a/AssociationExplorer2_0.1.5.rds	cb333d22dfd8547cb8ff439ed689c45b
0	covr-raw-s0-a.tar.gz	aster	1.3-7	ok	out/raw/a/aster_1.3-7.rds	f861a73dceb6248a53849aa6068f905e
0	covr-raw-s0-a.tar.gz	astronomR	0.1.0	ok	out/raw/a/astronomR_0.1.0.rds	3022445672b9ec7ca7584fe976bf5e7f
0	covr-raw-s0-a.tar.gz	atable	0.1.15	ok	out/raw/a/atable_0.1.15.rds	b38173a3d7a4b5d1a73ebeb2c859c4e4
0	covr-raw-s0-a.tar.gz	ATbounds	0.1.1	ok	out/raw/a/ATbounds_0.1.1.rds	86c7dc7b02e1fd96e35674f28fbbe3f0
0	covr-raw-s0-a.tar.gz	atlas	1.0.0	ok	out/raw/a/atlas_1.0.0.rds	9de5e0af1d5647e34f9a78470782be37
0	covr-raw-s0-a.tar.gz	ato	0.1.0	ok	out/raw/a/ato_0.1.0.rds	8896b4e5ca02bf0b1c71a54515bc3777
0	covr-raw-s0-a.tar.gz	atrrr	0.2.0	ok	out/raw/a/atrrr_0.2.0.rds	5c7d7f9d776fd20311a132ef0af3f467
0	covr-raw-s0-a.tar.gz	attention	0.4.0	ok	out/raw/a/attention_0.4.0.rds	eef9cdc66aa5cc4ad9570ef3517cc973
0	covr-raw-s0-a.tar.gz	authordown	0.1.0	ok	out/raw/a/authordown_0.1.0.rds	531f32011fd673bb5904c4e80a17f027
1	covr-raw-s1-a.tar.gz	abwm	0.1.0	ok	out/raw/a/abwm_0.1.0.rds	d9f6a7981ac15cf6a71391ed9b35665d
1	covr-raw-s1-a.tar.gz	AcademicThemes	0.0.2	ok	out/raw/a/AcademicThemes_0.0.2.rds	cf88cc3fa3c3d5176be3b3595c15c7ca
1	covr-raw-s1-a.tar.gz	accuracylevel	0.1.0	ok	out/raw/a/accuracylevel_0.1.0.rds	60ee2ba1ff4b9d6ece0012b38b891629
1	covr-raw-s1-a.tar.gz	ACEsimFit	0.0.0.9	ok	out/raw/a/ACEsimFit_0.0.0.9.rds	b3f74674db1387158532e98bbfb732d8
1	covr-raw-s1-a.tar.gz	aclhs	1.0.1	ok	out/raw/a/aclhs_1.0.1.rds	8a4dcafb4a34d201fcb64ee93abae643
1	covr-raw-s1-a.tar.gz	acoRn	0.1.0	ok	out/raw/a/acoRn_0.1.0.rds	733b6827cec6c4842fc7a9b864f9665f
1	covr-raw-s1-a.tar.gz	acro	0.1.7	test_error	out/raw/a/acro_0.1.7.rds	10b568490358bd915d8cb6328315d534
1	covr-raw-s1-a.tar.gz	acroname	0.1.0	ok	out/raw/a/acroname_0.1.0.rds	6097b92bdbd03e47e5c6ed80306743cf
1	covr-raw-s1-a.tar.gz	acsmoe	0.1.0	ok	out/raw/a/acsmoe_0.1.0.rds	21f5c39563487e7fe5f1e1660192c2ef
1	covr-raw-s1-a.tar.gz	actigraph.sleepr	0.3.1	ok	out/raw/a/actigraph.sleepr_0.3.1.rds	e2c2b15eb1a072573aabd70967c0a4c7
1	covr-raw-s1-a.tar.gz	actilifecounts	1.1.1	ok	out/raw/a/actilifecounts_1.1.1.rds	11b4b0d432a1524bd7680aacef6d25ce
1	covr-raw-s1-a.tar.gz	ActivePathways	2.0.6	ok	out/raw/a/ActivePathways_2.0.6.rds	ebf969f8aabb744f55dea54ce71ed340
1	covr-raw-s1-a.tar.gz	ActivityIndex	0.3.7	ok	out/raw/a/ActivityIndex_0.3.7.rds	6e11eb0184527b46d241014464e8026f
1	covr-raw-s1-a.tar.gz	actxps	1.6.1	ok	out/raw/a/actxps_1.6.1.rds	e5de6953a4bfd2cbe10b1716d4f25d4c
1	covr-raw-s1-a.tar.gz	adaplots	0.1.0	ok	out/raw/a/adaplots_0.1.0.rds	7275ec78bb66379a0c21c093671229c7
1	covr-raw-s1-a.tar.gz	adbcdrivermanager	0.23.0-2	ok	out/raw/a/adbcdrivermanager_0.23.0-2.rds	6f020fa8fd1d7e572c48c83dfe553a84
1	covr-raw-s1-a.tar.gz	additive	1.0.1	ok	out/raw/a/additive_1.0.1.rds	e8a5b31451db82da34660daa9c79df56
1	covr-raw-s1-a.tar.gz	adegraphics	1.0-22	ok	out/raw/a/adegraphics_1.0-22.rds	d68400b9bdfa596e3796b0dfcb5058b1
1	covr-raw-s1-a.tar.gz	adjoin	0.1.0	ok	out/raw/a/adjoin_0.1.0.rds	cf6b4445a9df5638ba39671cd00353fd
1	covr-raw-s1-a.tar.gz	admiralophtha	1.5.0	ok	out/raw/a/admiralophtha_1.5.0.rds	428bbd586880618a2b0ed83bb5357b4f
1	covr-raw-s1-a.tar.gz	admiralvaccine	0.6.0	ok	out/raw/a/admiralvaccine_0.6.0.rds	921b4849b86e025f202e8faa00206a05
1	covr-raw-s1-a.tar.gz	admix	2.6.1	ok	out/raw/a/admix_2.6.1.rds	c4b9febc6a7581e09f894893836f421f
1	covr-raw-s1-a.tar.gz	admixr	0.9.2	test_error	out/raw/a/admixr_0.9.2.rds	60b2e7c4696609162d1ccb004da771db
1	covr-raw-s1-a.tar.gz	admtools	0.6.0	ok	out/raw/a/admtools_0.6.0.rds	87f7763a47461b11403212db852d92d0
1	covr-raw-s1-a.tar.gz	adnuts	1.1.2	test_error	out/raw/a/adnuts_1.1.2.rds	8cf16df01038fa78790b814785cefbc6
1	covr-raw-s1-a.tar.gz	adproclus	2.0.1	ok	out/raw/a/adproclus_2.0.1.rds	a31dbd68316318b8334e5228816ba1b2
1	covr-raw-s1-a.tar.gz	AdsorpR	0.1.0	ok	out/raw/a/AdsorpR_0.1.0.rds	c2b128cd76d8f476ba0c998e62cd95e4
1	covr-raw-s1-a.tar.gz	ageutils	0.1.2	ok	out/raw/a/ageutils_0.1.2.rds	fd6e739c4b3a62223050784472ccff38
1	covr-raw-s1-a.tar.gz	aghq	0.4.1	ok	out/raw/a/aghq_0.4.1.rds	e1943d3a2918f31d3499c14ac2f6d2b1
1	covr-raw-s1-a.tar.gz	aglm	0.4.1	ok	out/raw/a/aglm_0.4.1.rds	4aa2db2c64f2fee6beeeaabca27f1822
1	covr-raw-s1-a.tar.gz	agvgd	0.1.2	ok	out/raw/a/agvgd_0.1.2.rds	9699f6900b57027f7ea34da372fa55e9
1	covr-raw-s1-a.tar.gz	AHPtools	1.0.1	ok	out/raw/a/AHPtools_1.0.1.rds	f6bc111c1a8a01bcec0e35d21178679f
1	covr-raw-s1-a.tar.gz	aiDIF	0.1.0	ok	out/raw/a/aiDIF_0.1.0.rds	903563c860ca5138ae9da4a38bad7f34
1	covr-raw-s1-a.tar.gz	AIGovernance	0.1.0	ok	out/raw/a/AIGovernance_0.1.0.rds	52baceb16dd6ec0efcc580545f66e628
1	covr-raw-s1-a.tar.gz	aion	1.7.1	test_error	out/raw/a/aion_1.7.1.rds	17b20dfbed28705aa9874f338a8fcd86
1	covr-raw-s1-a.tar.gz	AIPW	0.6.9.3	ok	out/raw/a/AIPW_0.6.9.3.rds	3c0f5653b5f909abd164a8b388ab97d6
1	covr-raw-s1-a.tar.gz	airGR	1.7.8	ok	out/raw/a/airGR_1.7.8.rds	4744ee7b2a28022153c0baa56d9f586a
1	covr-raw-s1-a.tar.gz	airnow	0.1.1	ok	out/raw/a/airnow_0.1.1.rds	6b0761a7cf0eb8e8a2105e4dcab4cb2d
1	covr-raw-s1-a.tar.gz	AIscreenR	0.4.0	ok	out/raw/a/AIscreenR_0.4.0.rds	9016ac3c466e1d1fdadd351ee46f2810
1	covr-raw-s1-a.tar.gz	akiFlagger	0.3.0	ok	out/raw/a/akiFlagger_0.3.0.rds	d3f227c31dbe8e4a4f97ebb6ed5c6e9e
1	covr-raw-s1-a.tar.gz	albatross	0.3-9	ok	out/raw/a/albatross_0.3-9.rds	d81debbb45ce9d45c8a4642d43c3613e
1	covr-raw-s1-a.tar.gz	alfr	1.2.1	ok	out/raw/a/alfr_1.2.1.rds	d266dd36a93995831ef37ca5efda29a2
1	covr-raw-s1-a.tar.gz	alfred	0.2.1	ok	out/raw/a/alfred_0.2.1.rds	8fc183f43904f45991d624da36bc0302
1	covr-raw-s1-a.tar.gz	AllelicSeries	0.1.1.5	ok	out/raw/a/AllelicSeries_0.1.1.5.rds	eedc44e79a8b4f525d5bf14e08960ffd
1	covr-raw-s1-a.tar.gz	alpha.correction.bh	0.1.0	ok	out/raw/a/alpha.correction.bh_0.1.0.rds	688f91a83d5df4436f7a71c494a38131
1	covr-raw-s1-a.tar.gz	altadata	0.1.1	ok	out/raw/a/altadata_0.1.1.rds	0e792d34279e0fd83c412e645ad8c788
1	covr-raw-s1-a.tar.gz	altair	4.2.3	ok	out/raw/a/altair_4.2.3.rds	1151b5065a793f6cc97935404eaa013d
1	covr-raw-s1-a.tar.gz	amap	0.8-20	ok	out/raw/a/amap_0.8-20.rds	24f2f5695a6b8294a6a3add2773651cd
1	covr-raw-s1-a.tar.gz	ambit	0.2.3	ok	out/raw/a/ambit_0.2.3.rds	e766376d4219217ae031bbf1066d4dcd
1	covr-raw-s1-a.tar.gz	AmigaFFH	0.4.8	ok	out/raw/a/AmigaFFH_0.4.8.rds	3bf39430bdab3d3d1dd5c0116933f5a8
1	covr-raw-s1-a.tar.gz	ampir	1.1.0	ok	out/raw/a/ampir_1.1.0.rds	42b2d1893a9a8b123c42a6ba2ebd74bc
1	covr-raw-s1-a.tar.gz	amsSim	0.1.0	ok	out/raw/a/amsSim_0.1.0.rds	fbde660b304cf8d360b02fea18c3af02
1	covr-raw-s1-a.tar.gz	Analitica	2.2.0	ok	out/raw/a/Analitica_2.2.0.rds	4b6b2f5dd762ce0ea0739b9fe0293007
1	covr-raw-s1-a.tar.gz	analogsea	1.0.7.2	test_error	out/raw/a/analogsea_1.0.7.2.rds	5fd5beac903612bed21dd44dbc81ad57
1	covr-raw-s1-a.tar.gz	ananke	0.3.0	test_error	out/raw/a/ananke_0.3.0.rds	f60bbb513602bf11a4630318cbc595e3
1	covr-raw-s1-a.tar.gz	AnchorRegression	0.1.3	ok	out/raw/a/AnchorRegression_0.1.3.rds	7686c0ff56ccdedff717e969db76b4cd
1	covr-raw-s1-a.tar.gz	andorR	0.3.1	ok	out/raw/a/andorR_0.3.1.rds	ab02c7287e88844a6b2340ea37466224
1	covr-raw-s1-a.tar.gz	angstromATE	0.1.3	ok	out/raw/a/angstromATE_0.1.3.rds	4f0c073c0de0232a0879a967e8d94d12
1	covr-raw-s1-a.tar.gz	annmatrix	0.1.2	ok	out/raw/a/annmatrix_0.1.2.rds	3237cba3d738a685aab0b6a9e74569ff
1	covr-raw-s1-a.tar.gz	annotator	0.0.3.2	ok	out/raw/a/annotator_0.0.3.2.rds	4a3a2a58004649bcb1f2911baf26e7d4
1	covr-raw-s1-a.tar.gz	ANOPA	0.2.3	ok	out/raw/a/ANOPA_0.2.3.rds	94bb7de89835dcf5b2ddb2bf21fb95e8
1	covr-raw-s1-a.tar.gz	antaresRead	3.0.1	ok	out/raw/a/antaresRead_3.0.1.rds	ed851f3c8f520b4bef6c350eb76026ad
1	covr-raw-s1-a.tar.gz	anybadger	0.1.0	ok	out/raw/a/anybadger_0.1.0.rds	6c8fb343a625c627005e9d76b3afe583
1	covr-raw-s1-a.tar.gz	anytime	0.3.13	ok	out/raw/a/anytime_0.3.13.rds	86de077e6e3df9756ce428be984c7d38
1	covr-raw-s1-a.tar.gz	apercu	0.2.5	ok	out/raw/a/apercu_0.2.5.rds	e5f267046b220211af53e6f4bc77963d
1	covr-raw-s1-a.tar.gz	apex	1.0.7	ok	out/raw/a/apex_1.0.7.rds	c82680a22a2bfb5d9fb65c00e4004b0a
1	covr-raw-s1-a.tar.gz	aphid	1.3.6	ok	out/raw/a/aphid_1.3.6.rds	480371551c7600f55c348a5e93a660a4
1	covr-raw-s1-a.tar.gz	approxOT	1.2	ok	out/raw/a/approxOT_1.2.rds	ce6bd80de67d428cf44137f01099916d
1	covr-raw-s1-a.tar.gz	appsheet	0.1.0	test_error	out/raw/a/appsheet_0.1.0.rds	18f7af721805a9355703ef2508f8e8dc
1	covr-raw-s1-a.tar.gz	ardlverse	2.0.0	test_error	out/raw/a/ardlverse_2.0.0.rds	108156d919b6eb12d47f3c3615a8136f
1	covr-raw-s1-a.tar.gz	arf	0.2.4	ok	out/raw/a/arf_0.2.4.rds	c2e8f919980f360160282b451b6e68f5
1	covr-raw-s1-a.tar.gz	argus	0.1.1	ok	out/raw/a/argus_0.1.1.rds	d8b19fcc4145058e8bf4f43fe4ce7e13
1	covr-raw-s1-a.tar.gz	arlclustering	1.0.5	ok	out/raw/a/arlclustering_1.0.5.rds	0e0071f960630e2c475850efae49953d
1	covr-raw-s1-a.tar.gz	arrg	0.1.0	ok	out/raw/a/arrg_0.1.0.rds	5bbd3530836a257daf40924c5dd0b983
1	covr-raw-s1-a.tar.gz	aRtsy	1.0.1	ok	out/raw/a/aRtsy_1.0.1.rds	cafa1cbb6832960fa7b1d5ac93029742
1	covr-raw-s1-a.tar.gz	arulesCBA	1.2.9	ok	out/raw/a/arulesCBA_1.2.9.rds	30ca460e6b7de9f7978f7dc64a9e4706
1	covr-raw-s1-a.tar.gz	assertr	3.0.1	ok	out/raw/a/assertr_3.0.1.rds	3918a007d70cc7e139e635031e9cadfb
1	covr-raw-s1-a.tar.gz	aster2	0.3-2	ok	out/raw/a/aster2_0.3-2.rds	0fd28f9df9ed12eab91342e2c013e6ba
1	covr-raw-s1-a.tar.gz	ATNr	1.1.2	ok	out/raw/a/ATNr_1.1.2.rds	93833b9518fb43d8411f24af9e20f32c
1	covr-raw-s1-a.tar.gz	attachment	1.0.0	test_error	out/raw/a/attachment_1.0.0.rds	788029b6183a779dd485a242f57a3646
1	covr-raw-s1-a.tar.gz	audrex	3.0.0	ok	out/raw/a/audrex_3.0.0.rds	25f89cbe789eef627755e809c76bae52
1	covr-raw-s1-a.tar.gz	audubon	0.6.3	ok	out/raw/a/audubon_0.6.3.rds	836dbc04108318d26fa1d3924038ad47
1	covr-raw-s1-a.tar.gz	aum	2024.6.19	ok	out/raw/a/aum_2024.6.19.rds	3f15e51a24d45663a6267fdbbdfff721
1	covr-raw-s1-a.tar.gz	AustralianPoliticians	0.1.0	ok	out/raw/a/AustralianPoliticians_0.1.0.rds	63065e8ff5d36de700910b92280ca2c1
1	covr-raw-s1-a.tar.gz	AutoDeskR	0.5.0	ok	out/raw/a/AutoDeskR_0.5.0.rds	70ee0a5afaf0f3cc656256320a71aa36
1	covr-raw-s1-a.tar.gz	autoharp	0.3.2	ok	out/raw/a/autoharp_0.3.2.rds	ca78403948019055c59d2947435b6564
1	covr-raw-s1-a.tar.gz	autokeras	1.0.12	ok	out/raw/a/autokeras_1.0.12.rds	17286c1d49f5aa8c7b5df00017093c39
2	covr-raw-s2-a.tar.gz	abba	0.2.0	ok	out/raw/a/abba_0.2.0.rds	74fde8e5b091c3fec132eb50409fceb8
2	covr-raw-s2-a.tar.gz	abclass	0.5.1	ok	out/raw/a/abclass_0.5.1.rds	ae84f9e76eeacfc4cf4d35370ad99dcc
2	covr-raw-s2-a.tar.gz	ABCoptim	0.15.0	ok	out/raw/a/ABCoptim_0.15.0.rds	ce113173ff8fff1eb33bb6f757afac7d
2	covr-raw-s2-a.tar.gz	abcpp	1.0.0	ok	out/raw/a/abcpp_1.0.0.rds	518303626eab9f70156d2bdfb73c7911
2	covr-raw-s2-a.tar.gz	abglasso	0.1.1	ok	out/raw/a/abglasso_0.1.1.rds	a9e2e3952d589dfc9386572cbe617c20
2	covr-raw-s2-a.tar.gz	abind	1.4-8	ok	out/raw/a/abind_1.4-8.rds	9a3e5b11a2ba9a4037eeed94cba4249f
2	covr-raw-s2-a.tar.gz	ABPS	0.3	ok	out/raw/a/ABPS_0.3.rds	d85b883289be140d867b14af5752472a
2	covr-raw-s2-a.tar.gz	abtest	1.0.1	ok	out/raw/a/abtest_1.0.1.rds	d29299b9f3a2f899bb03e9b1fe5d5f03
2	covr-raw-s2-a.tar.gz	accessr	1.1.3	ok	out/raw/a/accessr_1.1.3.rds	383d87ca427bfcb7f1ec38924b7527b9
2	covr-raw-s2-a.tar.gz	AccSamplingDesign	0.0.8	ok	out/raw/a/AccSamplingDesign_0.0.8.rds	b3d250490d4ecd3a5bda99a49de923b5
2	covr-raw-s2-a.tar.gz	accucor	0.3.1	ok	out/raw/a/accucor_0.3.1.rds	8b2d8840e434dd54f35aa05de8e36081
2	covr-raw-s2-a.tar.gz	acepack	1.6.3	ok	out/raw/a/acepack_1.6.3.rds	9cd34f568392f8049f3599a89cd062de
2	covr-raw-s2-a.tar.gz	adaR	0.3.5	ok	out/raw/a/adaR_0.3.5.rds	6bc96af42f13a4ed4a4220614f1054ba
2	covr-raw-s2-a.tar.gz	adas.utils	1.4.0	ok	out/raw/a/adas.utils_1.4.0.rds	e0a5428cafc03be833690fc285265b0b
2	covr-raw-s2-a.tar.gz	adass	1.0.1	ok	out/raw/a/adass_1.0.1.rds	56167ac1568554864961b0e89655a894
2	covr-raw-s2-a.tar.gz	adbcsqlite	0.23.0-1	ok	out/raw/a/adbcsqlite_0.23.0-1.rds	5091b20ac5cc7d058ca9389eb3399473
2	covr-raw-s2-a.tar.gz	AddiVortes	0.4.8	ok	out/raw/a/AddiVortes_0.4.8.rds	34206c5785e621cc48c851911410871a
2	covr-raw-s2-a.tar.gz	adjustr	0.2.0	ok	out/raw/a/adjustr_0.2.0.rds	c1044cde97e6c6b61c3cb416d2041323
2	covr-raw-s2-a.tar.gz	admiralmetabolic	0.3.0	ok	out/raw/a/admiralmetabolic_0.3.0.rds	174ced13dc55162d08666cbc7a35904e
2	covr-raw-s2-a.tar.gz	admiralneuro	0.2.1	ok	out/raw/a/admiralneuro_0.2.1.rds	ff969d4ff35308c4209b364395ad3256
2	covr-raw-s2-a.tar.gz	admiralonco	1.4.1	ok	out/raw/a/admiralonco_1.4.1.rds	39613e0d03c5503f7a09af86e27a0ed7
2	covr-raw-s2-a.tar.gz	AdmixPoly	1.0.1	ok	out/raw/a/AdmixPoly_1.0.1.rds	9c375910c8700891fc2ab09468bd1570
2	covr-raw-s2-a.tar.gz	adverbial	0.2.1	ok	out/raw/a/adverbial_0.2.1.rds	3a41e839984321df8a55cd92d0d23e85
2	covr-raw-s2-a.tar.gz	aedl	0.1.0	ok	out/raw/a/aedl_0.1.0.rds	67e3c3a807f462499dc0a37bac0f8df1
2	covr-raw-s2-a.tar.gz	aedseo	1.1.0	ok	out/raw/a/aedseo_1.1.0.rds	70e8705d47ea343e0a364277cdc09642
2	covr-raw-s2-a.tar.gz	afcolours	1.0.0	ok	out/raw/a/afcolours_1.0.0.rds	544bab5ee85e0645046fded9b18dacce
2	covr-raw-s2-a.tar.gz	agcounts	0.7.0	ok	out/raw/a/agcounts_0.7.0.rds	18207058cef0fb5f9fe7de7e8abc8e13
2	covr-raw-s2-a.tar.gz	AgeTopicModels	0.3.0	ok	out/raw/a/AgeTopicModels_0.3.0.rds	69743c9471e1472bf8114bc98cafee90
2	covr-raw-s2-a.tar.gz	agfh	0.2.1	ok	out/raw/a/agfh_0.2.1.rds	446383ae9506ab54ffbca39edd3eaf25
2	covr-raw-s2-a.tar.gz	agpower	0.1.2	ok	out/raw/a/agpower_0.1.2.rds	e7ba171be78bc4e5824716051ac0e1eb
2	covr-raw-s2-a.tar.gz	AgreementInterval	0.1.1	test_error	out/raw/a/AgreementInterval_0.1.1.rds	72b11711e9787b75f4c89b80900cf05a
2	covr-raw-s2-a.tar.gz	agridat	1.26	ok	out/raw/a/agridat_1.26.rds	2298ef3a8aa4789f3b5a7f09fbd8c6ac
2	covr-raw-s2-a.tar.gz	agrostab	0.1.0	ok	out/raw/a/agrostab_0.1.0.rds	b18f28360700e7147bf65f982d7cad74
2	covr-raw-s2-a.tar.gz	AHPGaussian	0.1.3	ok	out/raw/a/AHPGaussian_0.1.3.rds	6402e020926d519fda804168214daf10
2	covr-raw-s2-a.tar.gz	air	0.2.3	ok	out/raw/a/air_0.2.3.rds	09d3e9dd4e5463da8e5310006f8569e9
2	covr-raw-s2-a.tar.gz	airr	2.0.0	ok	out/raw/a/airr_2.0.0.rds	5635af5f8249bfaf4702b04250575146
2	covr-raw-s2-a.tar.gz	aisdk	1.4.12	test_error	out/raw/a/aisdk_1.4.12.rds	4c012f50e4aaa3607c52625be9b45397
2	covr-raw-s2-a.tar.gz	algebraic.dist	1.0.0	ok	out/raw/a/algebraic.dist_1.0.0.rds	b59d1e82340274d8cac3ba27f90b96ca
2	covr-raw-s2-a.tar.gz	algebraic.mle	2.0.2	ok	out/raw/a/algebraic.mle_2.0.2.rds	5deb3bd49d9ec2a9b3ad78ff52ba1f50
2	covr-raw-s2-a.tar.gz	AlignLV	0.1.0.0	ok	out/raw/a/AlignLV_0.1.0.0.rds	effd990fdf3429760c6943be47933e7d
2	covr-raw-s2-a.tar.gz	aloom	0.1.1	ok	out/raw/a/aloom_0.1.1.rds	d0a1113f9ab8487dc21a8a1a13077095
2	covr-raw-s2-a.tar.gz	alphavantager	0.1.3	ok	out/raw/a/alphavantager_0.1.3.rds	fabaee229da7fd9fccc5c71b5fdaf75d
2	covr-raw-s2-a.tar.gz	ALUES	0.2.1	ok	out/raw/a/ALUES_0.2.1.rds	b838513125f761bbe7d35c096d569cb4
2	covr-raw-s2-a.tar.gz	amapGeocode	1.0.0	ok	out/raw/a/amapGeocode_1.0.0.rds	fccfda715f447a627102dc60eed009f8
2	covr-raw-s2-a.tar.gz	AMDconfigurations	0.1.0	ok	out/raw/a/AMDconfigurations_0.1.0.rds	d6370eeee51d6048b775830af370b706
2	covr-raw-s2-a.tar.gz	amp.sim	0.1.1	test_error	out/raw/a/amp.sim_0.1.1.rds	20376855692f012768f2b5c42b3b0b61
2	covr-raw-s2-a.tar.gz	AMR	3.0.1	ok	out/raw/a/AMR_3.0.1.rds	d3b3250128d6167e74a65a044a39be30
2	covr-raw-s2-a.tar.gz	animejs	0.1.0	ok	out/raw/a/animejs_0.1.0.rds	bdccd0fc4a4b2fb50f8457791c3ebe96
2	covr-raw-s2-a.tar.gz	animint2	2025.10.17	ok	out/raw/a/animint2_2025.10.17.rds	c78e716117faffcc41447841fa33f9ee
2	covr-raw-s2-a.tar.gz	AnnotationBustR	1.3.0	ok	out/raw/a/AnnotationBustR_1.3.0.rds	cd10ba38050e5cda3f2d4680222ffb46
2	covr-raw-s2-a.tar.gz	antaresEditObject	1.0.1	ok	out/raw/a/antaresEditObject_1.0.1.rds	24d354a65f29579a0ad61f22d418ee64
2	covr-raw-s2-a.tar.gz	AntClassify	0.2.2	ok	out/raw/a/AntClassify_0.2.2.rds	008c32f327c5a31d95ef7738132688fe
2	covr-raw-s2-a.tar.gz	anticlust	0.8.14	test_error	out/raw/a/anticlust_0.8.14.rds	85c19a81bf4e18c596944a76ea796a9a
2	covr-raw-s2-a.tar.gz	apathe	0.1.0	test_error	out/raw/a/apathe_0.1.0.rds	334141f37862c9968d352b80f801843d
2	covr-raw-s2-a.tar.gz	APCalign	2.0.0	ok	out/raw/a/APCalign_2.0.0.rds	134654209e89facacf0f897a73e34b2f
2	covr-raw-s2-a.tar.gz	apexcharter	0.5.0	ok	out/raw/a/apexcharter_0.5.0.rds	6299433085b8dc80a44a95fc5ba02030
2	covr-raw-s2-a.tar.gz	aphylo	0.3-6	ok	out/raw/a/aphylo_0.3-6.rds	1eedfbd425cb4a5c18baa5fdf41688dc
2	covr-raw-s2-a.tar.gz	apollo	0.3.8	ok	out/raw/a/apollo_0.3.8.rds	a292bd5b0852c13aeacaa5ed621a41a5
2	covr-raw-s2-a.tar.gz	applicable	0.2.1	ok	out/raw/a/applicable_0.2.1.rds	4d7489a46665786105bb0e8d35bf4614
2	covr-raw-s2-a.tar.gz	APTIcalc	0.1.1	ok	out/raw/a/APTIcalc_0.1.1.rds	4f6f37b922f36899c055e57c94f60239
2	covr-raw-s2-a.tar.gz	aquodom	0.1.1	ok	out/raw/a/aquodom_0.1.1.rds	a0b48d5f783101cc00f93e77f0dc6312
2	covr-raw-s2-a.tar.gz	arc	1.4.2	ok	out/raw/a/arc_1.4.2.rds	b247667dd3455b9d13464ca1198b5450
2	covr-raw-s2-a.tar.gz	archeofrag	1.2.4	ok	out/raw/a/archeofrag_1.2.4.rds	cfe710faa5a455af96d5044b5dabc2bc
2	covr-raw-s2-a.tar.gz	archiveRetriever	0.4.1	ok	out/raw/a/archiveRetriever_0.4.1.rds	0bd8b1d9ed8bb01aee75979aa0a9631f
2	covr-raw-s2-a.tar.gz	arcopt	0.3.0	ok	out/raw/a/arcopt_0.3.0.rds	53d74796f3bc0457b11f8003b9b5be25
2	covr-raw-s2-a.tar.gz	ArctosR	0.1.3	ok	out/raw/a/ArctosR_0.1.3.rds	ff4185faa31f8d9fa10490337d5eac88
2	covr-raw-s2-a.tar.gz	areabiplot	1.0.0	ok	out/raw/a/areabiplot_1.0.0.rds	759fb2154305fe7f48828dc23ea97b7b
2	covr-raw-s2-a.tar.gz	argparse	2.3.1	ok	out/raw/a/argparse_2.3.1.rds	5868690ae21227138bdebc04d517741a
2	covr-raw-s2-a.tar.gz	arpr	0.1.2	ok	out/raw/a/arpr_0.1.2.rds	74bd3604d252077aa6872a60d871bd93
2	covr-raw-s2-a.tar.gz	arrow	24.0.0	ok	out/raw/a/arrow_24.0.0.rds	cef27897637f2e89d06129ba57ca374b
2	covr-raw-s2-a.tar.gz	arrowheadr	1.0.2	ok	out/raw/a/arrowheadr_1.0.2.rds	85c115390cae21723dc43d841e430fa0
2	covr-raw-s2-a.tar.gz	arsenal	3.7.1	ok	out/raw/a/arsenal_3.7.1.rds	08405ab15ee2a020e9cee1bf2516abd6
2	covr-raw-s2-a.tar.gz	asciiruler	0.2	ok	out/raw/a/asciiruler_0.2.rds	d92029f467920dfe643da03d5ed8c5b1
2	covr-raw-s2-a.tar.gz	AsianOption	0.2.0	ok	out/raw/a/AsianOption_0.2.0.rds	938f9715ed97ba83316a397749043fca
2	covr-raw-s2-a.tar.gz	aspi	0.2.0	ok	out/raw/a/aspi_0.2.0.rds	b1aaab4c2b95a9dedd6eb7717df7d700
2	covr-raw-s2-a.tar.gz	astronomyengine	0.1.0	ok	out/raw/a/astronomyengine_0.1.0.rds	b82f6f16827be0dd083d02d867be37bb
2	covr-raw-s2-a.tar.gz	asympDiag	0.3.3	ok	out/raw/a/asympDiag_0.3.3.rds	6826533f8be3237372ddf95c5a19c6c8
2	covr-raw-s2-a.tar.gz	ATQ	0.2.3	ok	out/raw/a/ATQ_0.2.3.rds	c7a6c7e4498e1759bdaba5cd2c646bc3
2	covr-raw-s2-a.tar.gz	auditor	1.3.5	ok	out/raw/a/auditor_1.3.5.rds	97001ef7a175f32e29c446a027deb4d5
2	covr-raw-s2-a.tar.gz	autocogs	0.1.5	ok	out/raw/a/autocogs_0.1.5.rds	41421a4814c640c153a015879a673f85
2	covr-raw-s2-a.tar.gz	autoCovariateSelection	1.0.0	ok	out/raw/a/autoCovariateSelection_1.0.0.rds	05f71787fb944d3d18c979be5b56780b
3	covr-raw-s3-a.tar.gz	a11yShiny	0.1.4	ok	out/raw/a/a11yShiny_0.1.4.rds	05d7dfcfe7216ae24bee1edb688b6a9c
3	covr-raw-s3-a.tar.gz	ABRSQOL	1.0.0	ok	out/raw/a/ABRSQOL_1.0.0.rds	c6079274d6dde81e0b8d450fa8b55191
3	covr-raw-s3-a.tar.gz	accept	1.0.2	ok	out/raw/a/accept_1.0.2.rds	fd6923cb5fc353ce1c0bd5f455bc7544
3	covr-raw-s3-a.tar.gz	accessrmd	1.0.0	ok	out/raw/a/accessrmd_1.0.0.rds	716ebb77120a8e9f54abf6e110faaf12
3	covr-raw-s3-a.tar.gz	accumulate	1.0.0	ok	out/raw/a/accumulate_1.0.0.rds	164a04cae4f70d4039b26011a967b861
3	covr-raw-s3-a.tar.gz	ace2fastq	0.6.0	ok	out/raw/a/ace2fastq_0.6.0.rds	1c6588a9f956d48975eb36080dfcd0a6
3	covr-raw-s3-a.tar.gz	ACEP	0.1.2	ok	out/raw/a/ACEP_0.1.2.rds	135955206a165a821cd8e93af120642b
3	covr-raw-s3-a.tar.gz	ACEsearch	1.0.0	ok	out/raw/a/ACEsearch_1.0.0.rds	e0e703c593564f5584ba890cf153fb4e
3	covr-raw-s3-a.tar.gz	acfMPeriod	1.1.0	ok	out/raw/a/acfMPeriod_1.1.0.rds	aa84f2af7595378035deecb699565bde
3	covr-raw-s3-a.tar.gz	acled.api	1.1.8	test_error	out/raw/a/acled.api_1.1.8.rds	a7d5ad4d617030dbfb31e55f3bd75e8f
3	covr-raw-s3-a.tar.gz	actfts	0.3.0	ok	out/raw/a/actfts_0.3.0.rds	86c347000294b366fe1f323532f27e4e
3	covr-raw-s3-a.tar.gz	actibase	0.2.0	ok	out/raw/a/actibase_0.2.0.rds	99026aad88f1ff15cf7203486c255f35
3	covr-raw-s3-a.tar.gz	activatr	0.2.1	ok	out/raw/a/activatr_0.2.1.rds	e5eb4b1e001a4e1ae5a52d2df8b1d39a
3	covr-raw-s3-a.tar.gz	ActiveLearning4SPM	0.1.0	ok	out/raw/a/ActiveLearning4SPM_0.1.0.rds	ee368d525fa246d557eec194f7db0cbf
3	covr-raw-s3-a.tar.gz	activityCounts	0.2.1	ok	out/raw/a/activityCounts_0.2.1.rds	2ac73362a4709ff5c2e24f08f3c9dcf0
3	covr-raw-s3-a.tar.gz	actogrammr	0.2.3	ok	out/raw/a/actogrammr_0.2.3.rds	25e1cac66681077b0259d8972891a29b
3	covr-raw-s3-a.tar.gz	actuaryr	1.1.1	ok	out/raw/a/actuaryr_1.1.1.rds	041f811f0e175caed3f4d684a0d38d53
3	covr-raw-s3-a.tar.gz	ACWR	0.1.0	ok	out/raw/a/ACWR_0.1.0.rds	d0a50892b8a973cb7032d8e4260057f5
3	covr-raw-s3-a.tar.gz	adaptalint	0.2.4	ok	out/raw/a/adaptalint_0.2.4.rds	fe9f4ef32bbf796d4fb6a45fc98f4297
3	covr-raw-s3-a.tar.gz	adaptDiag	0.1.1	ok	out/raw/a/adaptDiag_0.1.1.rds	95ba99370458de235ae8f19d35d12adb
3	covr-raw-s3-a.tar.gz	adfExplorer	2.1.0	ok	out/raw/a/adfExplorer_2.1.0.rds	e818f59dd220d29426f35fe1852c6f55
3	covr-raw-s3-a.tar.gz	adj	0.1.0	ok	out/raw/a/adj_0.1.0.rds	3872946730caafed0f3e47a78871ee99
3	covr-raw-s3-a.tar.gz	adjustedCurves	0.11.4	test_error	out/raw/a/adjustedCurves_0.11.4.rds	014974149734440cba1320dd6e3ba4b4
3	covr-raw-s3-a.tar.gz	adklakedata	0.7.1	ok	out/raw/a/adklakedata_0.7.1.rds	2f1ef8c02573787a4b0d6f5a64c4cb7c
3	covr-raw-s3-a.tar.gz	admiralpeds	0.3.0	ok	out/raw/a/admiralpeds_0.3.0.rds	5e6bee11b70132f86aa5fc1108d3ec58
3	covr-raw-s3-a.tar.gz	adobeanalyticsr	0.5.1	ok	out/raw/a/adobeanalyticsr_0.5.1.rds	a38ec17b9640ab03cf76d5cb2d456a25
3	covr-raw-s3-a.tar.gz	ADSIHT	0.2.1	ok	out/raw/a/ADSIHT_0.2.1.rds	5197810bfcc112d981f4c014aa7d1778
3	covr-raw-s3-a.tar.gz	aeddo	0.1.1	ok	out/raw/a/aeddo_0.1.1.rds	ecf487131404f236215c3efa462606cf
3	covr-raw-s3-a.tar.gz	AeRobiology	2.0.2	ok	out/raw/a/AeRobiology_2.0.2.rds	a69feafe285210eec5e6c99096a73891
3	covr-raw-s3-a.tar.gz	afcharts	0.5.1	ok	out/raw/a/afcharts_0.5.1.rds	cf5187099a18288d64bfe3b0122d87d5
3	covr-raw-s3-a.tar.gz	afdx	1.1.2	ok	out/raw/a/afdx_1.1.2.rds	d748d8d4801e7df3d94accec18f670f9
3	covr-raw-s3-a.tar.gz	afmpar	0.2.0	ok	out/raw/a/afmpar_0.2.0.rds	baf1c022ec3a557252cc649d29efb7ab
3	covr-raw-s3-a.tar.gz	afpt	1.1.0.4	ok	out/raw/a/afpt_1.1.0.4.rds	8247e8c26839b0e3b67c0d4b2d3e4f04
3	covr-raw-s3-a.tar.gz	aftPenCDA	0.1.1	ok	out/raw/a/aftPenCDA_0.1.1.rds	31df5cede4213988487861e274aa7abc
3	covr-raw-s3-a.tar.gz	afttest	4.5.3	ok	out/raw/a/afttest_4.5.3.rds	180052b8db528a00e2e76e612fd3129a
3	covr-raw-s3-a.tar.gz	AGBQR	0.1.0	ok	out/raw/a/AGBQR_0.1.0.rds	4af299b848ffb0e704395852abbe0ceb
3	covr-raw-s3-a.tar.gz	AIBias	0.1.1	ok	out/raw/a/AIBias_0.1.1.rds	75ebccd8db4d25c5bf6713d322ef49de
3	covr-raw-s3-a.tar.gz	AIDA	0.2.0	ok	out/raw/a/AIDA_0.2.0.rds	3ad29bf79304032b9114dd862bb51499
3	covr-raw-s3-a.tar.gz	aifeducation	1.1.5	ok	out/raw/a/aifeducation_1.1.5.rds	86e272b325f1fe1754d4219f995529f6
3	covr-raw-s3-a.tar.gz	airGRiwrm	0.7.0	ok	out/raw/a/airGRiwrm_0.7.0.rds	c8d36fbb4aa5ccef90e78b4b9f0986e4
3	covr-raw-s3-a.tar.gz	aiRly	0.1.0	ok	out/raw/a/aiRly_0.1.0.rds	90b185b6af5772dddebc23e91ac84ed5
3	covr-raw-s3-a.tar.gz	AirScreen	0.1.0	ok	out/raw/a/AirScreen_0.1.0.rds	20ee34ed5f20b5fc50a4a035ae47a62c
3	covr-raw-s3-a.tar.gz	aisdk.providers	0.1.0	ok	out/raw/a/aisdk.providers_0.1.0.rds	b9125a7c0dd11090a292ae1c6d09221b
3	covr-raw-s3-a.tar.gz	albersdown	1.0.0	ok	out/raw/a/albersdown_1.0.0.rds	bbf41ef72168a9ebda4443b2f613da40
3	covr-raw-s3-a.tar.gz	albersdown	2.0.0	test_error	out/raw/a/albersdown_2.0.0.rds	cb449042a3877a25bb2ff831aea184cc
3	covr-raw-s3-a.tar.gz	alien	1.0.2	ok	out/raw/a/alien_1.0.2.rds	32b931ba497a737bcc9f6b1252edc6f5
3	covr-raw-s3-a.tar.gz	alluvial	0.1-2	ok	out/raw/a/alluvial_0.1-2.rds	471429137f7c02eb70f1e25dfe07398f
3	covr-raw-s3-a.tar.gz	AlphaSimR	2.1.0	ok	out/raw/a/AlphaSimR_2.1.0.rds	197d55370a0d147fecd0cc9b95e9b10c
3	covr-raw-s3-a.tar.gz	alqrfe	1.3	ok	out/raw/a/alqrfe_1.3.rds	c5395b3d5f5428af1fb4dc98b4a69b03
3	covr-raw-s3-a.tar.gz	alsi	0.2.0	ok	out/raw/a/alsi_0.2.0.rds	c157ee496e2f7f62aebf08ffd0a01184
3	covr-raw-s3-a.tar.gz	altdoc	0.7.2	ok	out/raw/a/altdoc_0.7.2.rds	6ab06a47342c143cb2c750471e3ec0de
3	covr-raw-s3-a.tar.gz	alternativeROC	1.0.4	ok	out/raw/a/alternativeROC_1.0.4.rds	37fbcc959e40b1820696ccdf43f4de58
3	covr-raw-s3-a.tar.gz	ambiR	0.1.1	ok	out/raw/a/ambiR_0.1.1.rds	78472efc47651f83b5390603deeb64c7
3	covr-raw-s3-a.tar.gz	Amelia	1.8.3	ok	out/raw/a/Amelia_1.8.3.rds	b9235e44cf06bf5e957dcf4b5acd4d4a
3	covr-raw-s3-a.tar.gz	amelie	0.2.1	ok	out/raw/a/amelie_0.2.1.rds	c1242521ea8b5676a85bd79d603865d4
3	covr-raw-s3-a.tar.gz	AMPLE	1.0.2	ok	out/raw/a/AMPLE_1.0.2.rds	486d88d9ab328906dbeeb19e85c79182
3	covr-raw-s3-a.tar.gz	amregtest	1.1.0	test_error	out/raw/a/amregtest_1.1.0.rds	a9263e61c7a0a6c28b2efd0d8e2f06e1
3	covr-raw-s3-a.tar.gz	and	0.1.8	ok	out/raw/a/and_0.1.8.rds	5403a42c7ff7c1438a84aa5d5cee089b
3	covr-raw-s3-a.tar.gz	animl	3.3.0	ok	out/raw/a/animl_3.3.0.rds	328386e783ca993d31981248d4fa53f5
3	covr-raw-s3-a.tar.gz	ankiR	0.6.0	ok	out/raw/a/ankiR_0.6.0.rds	882b6f448b968581d4f4e7940eb42e80
3	covr-raw-s3-a.tar.gz	ANN2	2.4.0	ok	out/raw/a/ANN2_2.4.0.rds	064d0e602eef209869074014085661c7
3	covr-raw-s3-a.tar.gz	annotater	0.2.4	ok	out/raw/a/annotater_0.2.4.rds	8823d200a12eb8a9fb6d6a922eded90f
3	covr-raw-s3-a.tar.gz	ANOFA	0.1.3	ok	out/raw/a/ANOFA_0.1.3.rds	400ed867ebac7d7c35cc19019385541b
3	covr-raw-s3-a.tar.gz	anovir	0.1.0	ok	out/raw/a/anovir_0.1.0.rds	52b2b615cd408815c9430c03c4e4cca1
3	covr-raw-s3-a.tar.gz	anscombiser	1.1.0	ok	out/raw/a/anscombiser_1.1.0.rds	c4ed61477ffe883ec6a5f7a840bdcab1
3	covr-raw-s3-a.tar.gz	anthroplus	1.1.0	ok	out/raw/a/anthroplus_1.1.0.rds	7627a061a985ac8fe92b87794a08d74a
3	covr-raw-s3-a.tar.gz	APCinteraction	0.1.0	ok	out/raw/a/APCinteraction_0.1.0.rds	aac47074d055300d6d054265e753b0f0
3	covr-raw-s3-a.tar.gz	apifetch	0.1.0	ok	out/raw/a/apifetch_0.1.0.rds	ee8afe6253607ef6e3daca98b6416542
3	covr-raw-s3-a.tar.gz	AplosNCA	1.0.1	ok	out/raw/a/AplosNCA_1.0.1.rds	c237f59fe1e36ef65562bf207f506196
3	covr-raw-s3-a.tar.gz	aplot	0.3.0	ok	out/raw/a/aplot_0.3.0.rds	4575d467d274d872f0bb2cb9a4f11adc
3	covr-raw-s3-a.tar.gz	appRiori	0.0.6	ok	out/raw/a/appRiori_0.0.6.rds	49e08d2c19b86ddb6232bda14f97fa41
3	covr-raw-s3-a.tar.gz	aprof	0.4.1	ok	out/raw/a/aprof_0.4.1.rds	903559802d54e45fd6c4bd083822e589
3	covr-raw-s3-a.tar.gz	APRScenario	0.0.3.1	ok	out/raw/a/APRScenario_0.0.3.1.rds	3c8fda58b17e64157481414c4944021b
3	covr-raw-s3-a.tar.gz	apsimx	2.8.270	ok	out/raw/a/apsimx_2.8.270.rds	3e0a0faa6c3e40ccb8f98216fc1950f9
3	covr-raw-s3-a.tar.gz	apyramid	0.1.3	test_error	out/raw/a/apyramid_0.1.3.rds	6b8c8b6bb02bd128dc40824a51c5ddaf
3	covr-raw-s3-a.tar.gz	araponga	1.0.1	ok	out/raw/a/araponga_1.0.1.rds	d15fcd1d4c778457fd34a3acf65dfc08
3	covr-raw-s3-a.tar.gz	ArchaeoPhases	2.1.1	ok	out/raw/a/ArchaeoPhases_2.1.1.rds	658d38a4004c26601e972d31ddd90d46
3	covr-raw-s3-a.tar.gz	aRD	0.1.0	ok	out/raw/a/aRD_0.1.0.rds	0c4a5c482a0887bf164a11593949d029
3	covr-raw-s3-a.tar.gz	ards	0.1.3	ok	out/raw/a/ards_0.1.3.rds	cf3697ec19590a0b33f331c6a79a5bf4
3	covr-raw-s3-a.tar.gz	arima2	3.4.3	ok	out/raw/a/arima2_3.4.3.rds	986fcad32d7a2fbc31da6418d809b653
3	covr-raw-s3-a.tar.gz	arl	0.1.4	ok	out/raw/a/arl_0.1.4.rds	e9d4123b52eec860b2f6378d6201b550
3	covr-raw-s3-a.tar.gz	armadillo4r	1.0.0	ok	out/raw/a/armadillo4r_1.0.0.rds	d8dff508e04730b41c0ca79f4541be0e
3	covr-raw-s3-a.tar.gz	ARPobservation	1.2.2	ok	out/raw/a/ARPobservation_1.2.2.rds	a6fe94310e973ff79db8c45b6380ae36
3	covr-raw-s3-a.tar.gz	arules	1.7.14	ok	out/raw/a/arules_1.7.14.rds	ca2cabaaf0fa4efdf51a5b9f19c00e24
3	covr-raw-s3-a.tar.gz	asciiSetupReader	2.5.3	ok	out/raw/a/asciiSetupReader_2.5.3.rds	eb031133541be9cdac8b9b0f6303a185
3	covr-raw-s3-a.tar.gz	ashr	2.2-63	ok	out/raw/a/ashr_2.2-63.rds	f1f42574d154a1e77835f53e9099ec49
3	covr-raw-s3-a.tar.gz	asm	0.2.4	ok	out/raw/a/asm_0.2.4.rds	c26f66ef72c16e1b3f04965145f793c5
3	covr-raw-s3-a.tar.gz	asymptor	1.1.0	ok	out/raw/a/asymptor_1.1.0.rds	1f209d6cf971ee4d907195f407210ef0
3	covr-raw-s3-a.tar.gz	Athlytics	1.0.5	test_error	out/raw/a/Athlytics_1.0.5.rds	4ce05443b3fc188ceac2eb231a5334b4
3	covr-raw-s3-a.tar.gz	ATR	0.1-1	ok	out/raw/a/ATR_0.1-1.rds	e883539ced3b4df01e7a95afc527ea07
3	covr-raw-s3-a.tar.gz	attempt	0.3.1	ok	out/raw/a/attempt_0.3.1.rds	56b5a441f60e7bb9ee286e3f2d46e789
3	covr-raw-s3-a.tar.gz	auk	0.9.1	ok	out/raw/a/auk_0.9.1.rds	bf5bd8d0dec232d8ede29e6b6107bf50
3	covr-raw-s3-a.tar.gz	authoritative	0.2.0	ok	out/raw/a/authoritative_0.2.0.rds	8d72d8c4b4862d210ce7e918914dd3d7
3	covr-raw-s3-a.tar.gz	autoBagging	0.1.0	ok	out/raw/a/autoBagging_0.1.0.rds	ad37c55cd01acf65e6b0d3f8310164de
3	covr-raw-s3-a.tar.gz	autocodebook	0.1.0	ok	out/raw/a/autocodebook_0.1.0.rds	df98ef2319430602e92402addaf5a10f
3	covr-raw-s3-a.tar.gz	autoFlagR	1.0.0	ok	out/raw/a/autoFlagR_1.0.0.rds	fdbda1fffe93efe36fd3a2eb66526aed
