package	version	reason
babelmixr2	0.1.11	raw-object-lost
babynames	1.0.1	raw-object-lost
bacontrees	1.0.0	raw-object-lost
baguette	1.1.0	raw-object-lost
bambooHR	0.1.1	raw-object-lost
banditsCI	1.0.0	raw-object-lost
banter	0.9.8	raw-object-lost
baRcodeR	0.1.7	raw-object-lost
barrel	0.1.0	raw-object-lost
BAS	2.0.2	raw-object-lost
base64url	1.4	raw-object-lost
basecamb	1.1.5	raw-object-lost
basedosdados	0.2.3	raw-object-lost
basepenguins	0.1.0	raw-object-lost
basil	0.1.0	raw-object-lost
basket	0.10.11	raw-object-lost
baskoptr	1.0.4	raw-object-lost
bayclumpr	0.1.0	raw-object-lost
bayesboot	0.2.3	raw-object-lost
bayesDiagnostics	0.1.0	raw-object-lost
bayesEO	0.2.2	raw-object-lost
BayesERtools	0.2.7	raw-object-lost
BayesFactor	0.9.12-4.8	raw-object-lost
BayesGWQS	0.1.1	raw-object-lost
bayesianETAS	2.0.1	raw-object-lost
BayesianLasso	0.4.1	raw-object-lost
BayesianLaterality	0.1.2	raw-object-lost
BayesianReasoning	0.4.3	raw-object-lost
BayesianTools	0.1.9	raw-object-lost
bayesianVARs	0.1.8	raw-object-lost
BayesLogit	2.4	raw-object-lost
bayesmove	0.2.4	raw-object-lost
bayesnec	2.1.3.1	raw-object-lost
BayesRep	0.42.2	raw-object-lost
bayesROE	0.2	raw-object-lost
bayfoxr	0.0.1	raw-object-lost
BayLum	0.3.3	raw-object-lost
baytaAAR	1.0.3	raw-object-lost
BB	2026.1.0	raw-object-lost
BCClong	1.0.3	raw-object-lost
BCHM	1.00	raw-object-lost
bcmaps	2.3.0	raw-object-lost
bdpar	3.1.0	raw-object-lost
bdsvd	1.2.1	raw-object-lost
beans	0.1.0	raw-object-lost
bedr	1.1.5	raw-object-lost
besthr	0.4.0	raw-object-lost
betaMC	1.3.4	raw-object-lost
betaSandwich	1.0.9	raw-object-lost
bfboin	0.1.1	raw-object-lost
bfp	0.0-50	raw-object-lost
bfpwr	0.1.6	raw-object-lost
bfsl	0.2.0	raw-object-lost
BGData	2.4.1	raw-object-lost
BiasCorrector	0.2.3	raw-object-lost
bibnets	0.6.0	raw-object-lost
BiDimRegression	2.0.1	raw-object-lost
BifactorIndicesCalculator	0.2.2	raw-object-lost
bigassertr	0.2.0	raw-object-lost
bigKNN	0.3.0	raw-object-lost
bigparallelr	0.3.2	raw-object-lost
bigreadr	0.2.5	raw-object-lost
bigrquery	1.6.2	raw-object-lost
bigstatsr	1.6.2	raw-object-lost
bigutilsr	0.3.11	raw-object-lost
binovisualfields	0.1.1	raw-object-lost
BiocManager	1.30.27	raw-object-lost
biolink	0.1.8	raw-object-lost
BIOMASS	2.2.7-1	raw-object-lost
biometryassist	1.5.0	raw-object-lost
biotic	0.1.2	raw-object-lost
BioWorldR	0.1.0	raw-object-lost
birankr	1.0.1	raw-object-lost
birddog	1.0.4	raw-object-lost
bistablehistory	1.1.4	raw-object-lost
blaise	1.3.11	raw-object-lost
BlanketStatsments	0.1.3	raw-object-lost
blapsr	0.7.0	raw-object-lost
blindrecalc	1.1.1	raw-object-lost
BLMEngineInR	0.1.7	raw-object-lost
BLModel	1.0.2	raw-object-lost
blob	1.3.0	raw-object-lost
blockmodeling	1.1.8	raw-object-lost
blockr.dplyr	0.1.0	raw-object-lost
blockr.io	0.1.0	raw-object-lost
blockRAR	1.0.3	raw-object-lost
blsR	0.5.0	raw-object-lost
bnclassify	0.4.8	raw-object-lost
bnns	1.0.0	raw-object-lost
bolasso	0.5.0	raw-object-lost
BoomSpikeSlab	1.2.7	raw-object-lost
boostmath	1.4.0	raw-object-lost
boostrq	1.0.0	raw-object-lost
bootkmeans	1.0.0	raw-object-lost
BootstrapQTL	1.0.5	raw-object-lost
BORG	0.3.1	raw-object-lost
Boruta	10.0.0	raw-object-lost
box.linters	0.10.7	raw-object-lost
bpmnVisualizationR	0.5.0	raw-object-lost
bracer	1.2.2	raw-object-lost
brandr	0.1.0	raw-object-lost
breakDown	0.2.2	raw-object-lost
breathteststan	0.8.9	raw-object-lost
briqr	0.1.0	raw-object-lost
BrokenAdaptiveRidge	1.0.2	raw-object-lost
BRRAT	0.0.2	raw-object-lost
bSi	1.0.0	raw-object-lost
bsicons	0.1.2	raw-object-lost
btb	0.2.2	raw-object-lost
btergm	1.11.1	raw-object-lost
bulkreadr	1.2.2	raw-object-lost
bumblebee	0.1.0	raw-object-lost
buoyant	0.1.0	raw-object-lost
bupaR	1.0.1	raw-object-lost
c060	0.5-0	raw-object-lost
c3	0.3.2	raw-object-lost
cabinets	0.6.0	raw-object-lost
cachem	1.1.0	raw-object-lost
calculus	1.1.0	raw-object-lost
calcUnique	0.1.2	raw-object-lost
calibmsm	1.1.3	raw-object-lost
calibrar	0.9.0	raw-object-lost
callme	0.1.11	raw-object-lost
callsync	0.2.3	raw-object-lost
calmr	0.8.1	raw-object-lost
CamelRatiosIndex	1.0.0	raw-object-lost
CamelUp	2.0.3	raw-object-lost
campfin	1.0.11	raw-object-lost
camsRad	0.3.0	raw-object-lost
canaper	1.0.1	raw-object-lost
cancensus	0.6.1	raw-object-lost
cancerradarr	3.0.0	raw-object-lost
candisc	1.1.1	raw-object-lost
caRamel	1.5	raw-object-lost
carbondata	0.2.0	raw-object-lost
carbondate	1.1.0	raw-object-lost
carbonr	0.2.7	raw-object-lost
card.pro	2.3.0	raw-object-lost
caret	7.0-1	raw-object-lost
caretEnsemble	4.0.2	raw-object-lost
caretSDM	1.9.7	raw-object-lost
carpenter	0.2.3	raw-object-lost
carrier	0.3.0.4	raw-object-lost
carSurv	1.0.0	raw-object-lost
cartography	3.1.5	raw-object-lost
cascadess	0.2.0	raw-object-lost
CaseBasedReasoning	0.4.1	raw-object-lost
cases	0.2.0	raw-object-lost
catcont	0.5.0	raw-object-lost
catfun	0.1.4	raw-object-lost
catool	1.0.1	raw-object-lost
catsim	0.2.4	raw-object-lost
catSurv	1.6.0	raw-object-lost
catviz	0.1.1	raw-object-lost
cauphy	1.0.3	raw-object-lost
causact	0.6.0	raw-object-lost
causalfrag	0.1.1	raw-object-lost
CausalGPS	0.5.1	raw-object-lost
CausalImpact	1.4.1	raw-object-lost
causaloptim	1.0.0	raw-object-lost
CausalSpline	0.1.0	raw-object-lost
CausCor	0.1.3	raw-object-lost
causens	0.0.3	raw-object-lost
caustests	1.1.1	raw-object-lost
CBASSED50	0.2.0	raw-object-lost
cbcTools	0.7.1	raw-object-lost
cbioportalR	1.1.1	raw-object-lost
CBPS	0.24	raw-object-lost
cbsodataR	1.2.1	raw-object-lost
ccar3	0.1.2	raw-object-lost
cccp	0.3-3	raw-object-lost
ccdR	1.1.0	raw-object-lost
cclustr	0.1.2	raw-object-lost
CCMMR	0.2.3	raw-object-lost
ccTensor	1.0.3	raw-object-lost
cdcsis	2.0.5	raw-object-lost
cder	0.3-1	raw-object-lost
cdlsim	0.1.0	raw-object-lost
cdmetapopR	1.0.0	raw-object-lost
CDSim	0.1.2	raw-object-lost
CDSimX	1.1.2	raw-object-lost
ceblR	1.0.0	raw-object-lost
cellranger	1.1.0	raw-object-lost
censable	0.0.8	raw-object-lost
censReg	0.5-38	raw-object-lost
Census2016	0.2.0	raw-object-lost
centr	0.2.4	raw-object-lost
CEOdata	1.4.0	raw-object-lost
cepiweek	0.1.2	raw-object-lost
cepumd	2.1.0	raw-object-lost
cer	0.1.0	raw-object-lost
ceramic	0.9.5	raw-object-lost
cercospoRa	0.0.2	raw-object-lost
Certara.RsNLME	3.2.0	raw-object-lost
Certara.RsNLME.ModelBuilder	3.0.1	raw-object-lost
Certara.RsNLME.ModelExecutor	3.1.0	raw-object-lost
Certara.VPCResults	3.0.2	raw-object-lost
ces	1.1.0	raw-object-lost
CFAcoop	1.0.0	raw-object-lost
cffdrs	1.9.2	raw-object-lost
cfid	0.1.8	raw-object-lost
cft	1.0.0	raw-object-lost
cgmquantify	0.1.0	raw-object-lost
chaidr	0.1.0	raw-object-lost
ChainLadder	0.2.21	raw-object-lost
chandwich	1.1.6	raw-object-lost
changepoint	2.3	raw-object-lost
changepointGA	0.1.6	raw-object-lost
chapensk	0.5	raw-object-lost
Characterization	4.1.0	raw-object-lost
charcuterie	0.0.6	raw-object-lost
charlesschwabapi	1.0.5	raw-object-lost
chatAI4R	1.3.1	raw-object-lost
chatterbox	0.2.1	raw-object-lost
ChauBoxplot	1.0.0	raw-object-lost
chcd	0.1.1	raw-object-lost
cheapr	1.5.2	raw-object-lost
checkarg	0.1.0	raw-object-lost
checkglobals	0.1.4	raw-object-lost
checkmate	2.3.4	raw-object-lost
checktor	0.1.0	raw-object-lost
cheetahR	0.4.0	raw-object-lost
chemCal	0.2.3	raw-object-lost
chemdeg	0.1.4	raw-object-lost
ChemoSpecUtils	1.0.5	raw-object-lost
chess2plyrs	0.3.0	raw-object-lost
ChestVolume	1.0.1	raw-object-lost
chicane	0.1.8	raw-object-lost
ChileDataAPI	0.3.0	raw-object-lost
ChinAPIs	0.2.0	raw-object-lost
CHNCapitalStock	0.1.1	raw-object-lost
CHNOSZ	2.3.0	raw-object-lost
ChoiceModelR	1.3.1	raw-object-lost
chooseGCM	1.3	raw-object-lost
chopper	1.0	raw-object-lost
chopthin	0.2.2	raw-object-lost
chords	0.95.4	raw-object-lost
chromConverter	0.9.0	raw-object-lost
chromer	0.10	raw-object-lost
chronicler	0.3.0	raw-object-lost
chronochrt	0.1.5	raw-object-lost
chunkhooks	0.0.1	raw-object-lost
cicalc	0.2.2	raw-object-lost
cif	0.1.1	raw-object-lost
cifmodeling	1.0.0	raw-object-lost
CimpleG	1.0.1	raw-object-lost
cipheR	1.0.0	raw-object-lost
circletyper	1.0.2	raw-object-lost
circlizePlus	0.9.1	raw-object-lost
circuitscaper	0.1.0	raw-object-lost
circular	0.5-2	raw-object-lost
CircularDDM	0.1.0	raw-object-lost
cirls	0.4.0	raw-object-lost
citation	0.12.2	raw-object-lost
CiteSource	0.2.1	raw-object-lost
citestR	0.1.1	raw-object-lost
cito	1.1	raw-object-lost
citrus	1.0.2	raw-object-lost
civ	0.1.0	raw-object-lost
civis	3.1.4	raw-object-lost
ciw	0.0.2	raw-object-lost
CJIVE	0.1.0	raw-object-lost
CLA	0.96-3	raw-object-lost
Claddis	0.7.0	raw-object-lost
clampSeg	1.2-0	raw-object-lost
clarify	0.2.3	raw-object-lost
classInt	0.4-11	raw-object-lost
cleanepi	1.1.2	raw-object-lost
cleaner	1.5.5	raw-object-lost
cleanNLP	3.1.0	raw-object-lost
cli	3.6.6	raw-object-lost
CLIC	0.1	raw-object-lost
clidatajp	0.5.3	raw-object-lost
clim4health	0.1.0	raw-object-lost
climaemet	1.6.0	raw-object-lost
ClimaRep	1.1	raw-object-lost
climatehealth	1.0.3	raw-object-lost
climateStability	0.1.4	raw-object-lost
climatestatsr	0.1.2	raw-object-lost
climextRemes	0.3.1	raw-object-lost
ClimInd	0.1-3	raw-object-lost
climwin	1.2.33	raw-object-lost
clinCompare	1.0.0	raw-object-lost
clinDataReview	1.6.2	raw-object-lost
clinicalfair	0.1.0	raw-object-lost
clinicalsignificance	3.0.0	raw-object-lost
clinify	0.4.0	raw-object-lost
clinTrialData	0.1.3	raw-object-lost
clipr	0.8.1	raw-object-lost
clitable	0.1.0	raw-object-lost
clmplus	1.1.1	raw-object-lost
clmstan	0.1.2	raw-object-lost
clock	0.7.4	raw-object-lost
clockify	0.1.7	raw-object-lost
clockplot	0.8.3	raw-object-lost
cloudml	0.7.1	raw-object-lost
cloudosR	0.2.4	raw-object-lost
clubpro	0.6.2	raw-object-lost
clubSandwich	0.7.0	raw-object-lost
ClusBoot	1.2.2	raw-object-lost
ClusROC	1.0.3	raw-object-lost
clustAnalytics	0.5.5	raw-object-lost
ClustAssess	1.2.0	raw-object-lost
cluster	2.1.8.3	raw-object-lost
clusteredMSM	0.1.0	raw-object-lost
Clustering	1.7.10	raw-object-lost
clusterIV	0.1.0	raw-object-lost
clusternomics	0.1.1	raw-object-lost
clusterSim	0.51-6	raw-object-lost
ClusterVAR	0.0.8	raw-object-lost
ClustMC	0.1.2	raw-object-lost
clustur	0.1.4	raw-object-lost
cmhc	0.2.12	raw-object-lost
cmna	1.0.5	raw-object-lost
cmR	1.1	raw-object-lost
cms	0.1.0	raw-object-lost
cmsaf	3.6.0	raw-object-lost
cmsafvis	1.3.0	raw-object-lost
cmstatr	0.10.0	raw-object-lost
cnd	0.1.1	raw-object-lost
cnefetools	0.2.5	raw-object-lost
CNID	2.1.1	raw-object-lost
cNORM	3.6.2	raw-object-lost
CNVreg	1.0	raw-object-lost
coala	0.7.2	raw-object-lost
coalitions	0.6.27	raw-object-lost
cobiclust	0.1.2	raw-object-lost
cobs	1.3-9-1	raw-object-lost
cocor	1.1-4	raw-object-lost
cocorresp	0.4-6	raw-object-lost
cocosoR	0.1.0	raw-object-lost
coda.base	1.0.6	raw-object-lost
codacore	0.0.4	raw-object-lost
codalm	0.1.3	raw-object-lost
codebookr	0.1.9	raw-object-lost
codebreaker	1.0.1	raw-object-lost
codestral	0.0.2	raw-object-lost
codetools	0.2-20	raw-object-lost
codriver	1.0.0	raw-object-lost
coga	1.2.3	raw-object-lost
cograph	2.4.4	raw-object-lost
CohortCharacteristics	1.1.3	raw-object-lost
CohortConstructor	0.6.3	raw-object-lost
CohortMethod	6.0.3	raw-object-lost
cohorts	1.3.0	raw-object-lost
CohortSurvival	1.1.2	raw-object-lost
CohortSymmetry	0.3.0	raw-object-lost
coin	1.4-5	raw-object-lost
COINr	1.1.14	raw-object-lost
collapse	2.1.8	raw-object-lost
collapsibleTree	0.1.8	raw-object-lost
collateral	0.5.2	raw-object-lost
collinear	3.0.2	raw-object-lost
colocPropTest	0.9.3	raw-object-lost
ColombiAPI	0.4.0	raw-object-lost
colorDF	0.1.7	raw-object-lost
colorfast	1.0.1	raw-object-lost
colorify	1.0.0	raw-object-lost
colormap	0.1.4	raw-object-lost
ColorNameR	0.1.0	raw-object-lost
colorspace	2.1-3	raw-object-lost
colorSpec	1.8-0	raw-object-lost
colourspace	0.1.1	raw-object-lost
colourvision	2.1.0	raw-object-lost
ComBatFamQC	1.0.6	raw-object-lost
combinedevents	0.1.1	raw-object-lost
combiroc	0.3.4	raw-object-lost
combiter	1.0.3	raw-object-lost
combss	0.1.0	raw-object-lost
commecometrics	1.1.1	raw-object-lost
CommKern	1.0.1	raw-object-lost
commonmark	2.0.0	raw-object-lost
commons	0.1.0	raw-object-lost
comorbidPGS	1.0.0	raw-object-lost
compare	0.2-6	raw-object-lost
CompareCausalNetworks	0.2.6.2	raw-object-lost
compareMCMCs	0.6.0	raw-object-lost
compdb	0.0.1	raw-object-lost
completejourney	1.1.1	raw-object-lost
compositional.mle	2.0.0	raw-object-lost
CompoundEvents	1.0	raw-object-lost
comsimitv	0.1.5	raw-object-lost
comtradr	1.0.6	raw-object-lost
con2lki	0.1.0	raw-object-lost
concstats	0.1.6	raw-object-lost
condathis	0.1.4	raw-object-lost
confcons	0.3.2	raw-object-lost
confidence	1.1-3	raw-object-lost
confidenceCurves	0.2.1	raw-object-lost
ConfidenceEllipse	1.1.0	raw-object-lost
ConfigParser	1.0.0	raw-object-lost
configr	0.3.5	raw-object-lost
configulaR	0.1.1	raw-object-lost
ConFluxPro	1.3.1	raw-object-lost
confMeta	0.1.1	raw-object-lost
conformalbayes	0.1.4	raw-object-lost
ConformalSmallest	1.0	raw-object-lost
congress	0.1.0	raw-object-lost
connectapi	0.12.1	raw-object-lost
connectcreds	0.2.0	raw-object-lost
connections	0.2.1	raw-object-lost
connector.sharepoint	0.1.0	raw-object-lost
connectwidgets	0.2.1	raw-object-lost
ConnMatTools	0.3.5	raw-object-lost
ConsensusOPLS	1.1.0	raw-object-lost
consibiocloudclient	1.0.0	raw-object-lost
consolechoice	1.1.1	raw-object-lost
consort	1.2.3	raw-object-lost
ConsReg	0.1.0	raw-object-lost
constants	2022.0	raw-object-lost
contactsurveys	0.2.0	raw-object-lost
contentid	0.0.19	raw-object-lost
contentValidity	0.2.0	raw-object-lost
contfrac	1.1-12	raw-object-lost
contingencytables	3.1.0	raw-object-lost
ContourFunctions	0.1.2	raw-object-lost
controller	0.1.0	raw-object-lost
contsurvplot	0.2.3	raw-object-lost
convdistr	1.6.3	raw-object-lost
convergenceDFM	0.3.2	raw-object-lost
convergEU	0.7.3.2	raw-object-lost
ConversationAlign	0.4.1	raw-object-lost
conversim	0.1.0	raw-object-lost
convertr	0.1	raw-object-lost
convey	1.0.1	raw-object-lost
cookie	1.0.0	raw-object-lost
cookies	0.2.3	raw-object-lost
coop	0.6-3	raw-object-lost
CopernicusClimate	0.0.6	raw-object-lost
CopernicusDataspace	0.0.5	raw-object-lost
CopernicusMarine	0.4.9	raw-object-lost
coRanking	0.2.5	raw-object-lost
corbouli	0.1.5	raw-object-lost
coreCT	1.3.3	raw-object-lost
corehunter	3.2.3	raw-object-lost
coreSim	0.2.4	raw-object-lost
coro	1.1.0	raw-object-lost
CORPlot	1.0.2	raw-object-lost
corpora	0.7	raw-object-lost
correctR	0.3.1	raw-object-lost
correlation	0.8.8	raw-object-lost
correlationfunnel	0.2.0	raw-object-lost
corrgram	1.16	raw-object-lost
corrr	0.4.5	raw-object-lost
corrRF	1.1.0	raw-object-lost
corrtable	0.1.1	raw-object-lost
corset	0.1-5	raw-object-lost
corx	1.0.7.3	raw-object-lost
cosimmr	1.0.12	raw-object-lost
cosmic	0.5	raw-object-lost
CoSMoS	2.2.0	raw-object-lost
cossonet	1.0	raw-object-lost
countdown	0.6.0	raw-object-lost
countland	0.1.2	raw-object-lost
countmaskr	0.1.1	raw-object-lost
countryatlas	2.0.1	raw-object-lost
courieR	0.3.1	raw-object-lost
CovCorTest	1.2.0	raw-object-lost
covfefe	1.0.0	raw-object-lost
covid19br	1.0.0.1	raw-object-lost
covid19france	0.1.0	raw-object-lost
covid19italy	0.3.1	raw-object-lost
covidcast	0.5.3	raw-object-lost
covsim	1.1.0	raw-object-lost
CovTools	0.5.7	raw-object-lost
cowplot	1.2.0	raw-object-lost
cowsay	1.2.2	raw-object-lost
cox.rvph	0.2.1	raw-object-lost
coxmnar	0.1.0	raw-object-lost
coxrobust	1.0.2	raw-object-lost
coxstream	0.1.0	raw-object-lost
CPCAT	1.0.0	raw-object-lost
CPGLIB	1.1.2	raw-object-lost
cpi	0.1.5	raw-object-lost
cpmr	0.1.1	raw-object-lost
cpop	1.0.9	raw-object-lost
cpp11	0.5.5	raw-object-lost
cppcontainers	1.0.5	raw-object-lost
cppdoubles	0.4.0	raw-object-lost
cppSim	0.2	raw-object-lost
cpr	0.4.1	raw-object-lost
cprr	0.2.0	raw-object-lost
cptcity	1.1.1	raw-object-lost
CRAFT	0.1.0	raw-object-lost
craftgrn	0.1.7	raw-object-lost
cragg	0.0.1	raw-object-lost
cramR	0.1.1	raw-object-lost
cranlike	1.0.3	raw-object-lost
cranlogs	2.1.1	raw-object-lost
crayon	1.5.3	raw-object-lost
crctStepdown	0.5.2	raw-object-lost
cre.dcf	0.0.5	raw-object-lost
createLogicalPCM	0.1.0	raw-object-lost
CRediTas	0.3.0	raw-object-lost
crew	1.3.3	raw-object-lost
crew.aws.batch	0.1.0	raw-object-lost
crew.cluster	0.4.0	raw-object-lost
crimedata	0.3.5	raw-object-lost
criticalpath	0.2.1	raw-object-lost
crmPack	2.2.1	raw-object-lost
cronologia	0.2.0	raw-object-lost
crookR	0.1.0	raw-object-lost
cropgrowdays	0.2.2	raw-object-lost
CrossClustering	4.1.3	raw-object-lost
crossfit	0.1.4	raw-object-lost
crossvalidationCP	1.1	raw-object-lost
crsmeta	0.3.0	raw-object-lost
crstools	1.0.0	raw-object-lost
crt2power	1.2.2	raw-object-lost
CRTspat	1.4.0	raw-object-lost
crul	1.6.0	raw-object-lost
crumble	0.1.2	raw-object-lost
crunch	1.31.3	raw-object-lost
cryptography	1.0.0	raw-object-lost
cryptotrackr	1.3.3	raw-object-lost
crystract	1.0.2	raw-object-lost
csa	0.7.1	raw-object-lost
csbewma	1.1.0	raw-object-lost
csemGT	1.0.0	raw-object-lost
csquares	0.1.0	raw-object-lost
cstime	2025.10.13	raw-object-lost
CSwR	0.1.3	raw-object-lost
cTMed	1.0.10	raw-object-lost
CTNote	0.1.0	raw-object-lost
ctsfeatures	1.2.2	raw-object-lost
ctypesio	0.1.3	raw-object-lost
cubble	1.0.0	raw-object-lost
cubelyr	1.0.2	raw-object-lost
cucumber	2.1.1	raw-object-lost
cumulcalib	0.2.0	raw-object-lost
cuperdec	1.1.0	raw-object-lost
cureplots	1.1.1	raw-object-lost
curesurv	0.1.2	raw-object-lost
currencyapi	0.1.0	raw-object-lost
curves	0.4.0	raw-object-lost
customknitrender	1.0.2	raw-object-lost
cusumcharter	0.1.0	raw-object-lost
cutpoint	1.0.0	raw-object-lost
cvap	0.1.6	raw-object-lost
cvCovEst	1.2.2	raw-object-lost
cvcqv	1.0.4	raw-object-lost
CvmortalityMult	1.1.1	raw-object-lost
cvms	2.0.1	raw-object-lost
CWT	0.2.3	raw-object-lost
cxr	1.1.1	raw-object-lost
cyclicwave	0.1.0	raw-object-lost
Cyclops	3.7.1	raw-object-lost
cytometree	2.0.6	raw-object-lost
cytominer	0.2.2	raw-object-lost
czechrates	0.2.5	raw-object-lost
D3mirt	2.1.0	raw-object-lost
d3r	1.1.0	raw-object-lost
d4storagehub4R	0.4-5	raw-object-lost
dadjokeapi	1.0.2	raw-object-lost
dados	0.1.1	raw-object-lost
dagitty	0.3-4	raw-object-lost
dail	1.5.2	raw-object-lost
daiquiri	1.2.1	raw-object-lost
DALEXtra	2.3.1	raw-object-lost
damAOI	0.1	raw-object-lost
DamiaNN	1.0.0	raw-object-lost
DarkDiv	0.3.0	raw-object-lost
darksky	1.3.0	raw-object-lost
dashboardthemes	1.1.6	raw-object-lost
dat	0.7.0	raw-object-lost
data.tree	1.2.0	raw-object-lost
data.validator	0.2.1	raw-object-lost
data4health	0.1.1	raw-object-lost
DatabaseConnector	7.2.0	raw-object-lost
DataCraftR	0.3.2	raw-object-lost
DataDNA	0.1.0	raw-object-lost
datadogr	0.1.2	raw-object-lost
datadriftR	1.1.0	raw-object-lost
DataExplorer	0.9.0	raw-object-lost
datafsm	0.2.4	raw-object-lost
DataFusionGDM	1.3.2	raw-object-lost
DataLoader	1.3	raw-object-lost
dataMaid	1.4.2	raw-object-lost
datamedios	1.2.3	raw-object-lost
dataMojo	1.0.0	raw-object-lost
dataonderivatives	0.4.0	raw-object-lost
datapasta	3.1.0	raw-object-lost
dataPreparation	1.1.2	raw-object-lost
dataProfilerR	0.2.1	raw-object-lost
DataQualityDashboard	2.8.9	raw-object-lost
dataReporter	1.0.5	raw-object-lost
DataSetsVerse	0.1.0	raw-object-lost
DataSimilarity	0.4.0	raw-object-lost
DataSum	1.0.0	raw-object-lost
date4ts	0.1.2	raw-object-lost
dateback	1.0.5	raw-object-lost
daterangepicker	0.2.0	raw-object-lost
datetoiso	1.2.1	raw-object-lost
dateutils	0.1.5	raw-object-lost
datos	0.5.1	raw-object-lost
datr	0.1.0	raw-object-lost
dauphin	0.3.2	raw-object-lost
DBI	1.3.0	raw-object-lost
dblcens	1.1.9	raw-object-lost
dbmss	2.11-0	raw-object-lost
dbplot	0.4.0	raw-object-lost
dbplyr	2.6.0	raw-object-lost
dbx	0.4.0	raw-object-lost
dccpp	0.1.0	raw-object-lost
dceasimR	0.1.0	raw-object-lost
dci	1.0.3	raw-object-lost
dclone	2.3-3	raw-object-lost
dcm2	1.0.2	raw-object-lost
dcmle	0.4-2	raw-object-lost
dcmodify	0.9.0	raw-object-lost
dcurver	0.9.3	raw-object-lost
dcurves	0.5.1	raw-object-lost
ddc	1.0.1	raw-object-lost
ddecompose	1.0.0	raw-object-lost
ddml	0.3.1	raw-object-lost
ddpcr	1.16.0	raw-object-lost
debkeepr	0.1.1	raw-object-lost
debugme	1.2.0	raw-object-lost
DecisionDrift	0.1.0	raw-object-lost
decisionSupport	1.115	raw-object-lost
deckroadmap	0.1.5	raw-object-lost
decompr	6.9.0	raw-object-lost
decorators	0.3.0	raw-object-lost
DedooseR	2.0.0.2	raw-object-lost
deduped	0.5.0	raw-object-lost
deepImp	1.1.0	raw-object-lost
deepNN	1.2	raw-object-lost
deepRstudio	0.0.9	raw-object-lost
deeptime	2.4.0	raw-object-lost
DEET	1.0.12	raw-object-lost
default	1.0.0	raw-object-lost
defineOptions	0.9	raw-object-lost
defineR	0.0.6	raw-object-lost
deFit	0.3.0	raw-object-lost
deflist	0.2.0	raw-object-lost
defm	0.2.1.0	raw-object-lost
deforestable	3.1.2	raw-object-lost
degradr	1.0.2	raw-object-lost
dejaVu	0.3.1	raw-object-lost
delayed	0.5.0	raw-object-lost
delma	0.1.2	raw-object-lost
deltatest	0.2.0	raw-object-lost
demor	1.0.10	raw-object-lost
densitr	0.2	raw-object-lost
densityarea	0.1.1	raw-object-lost
densityClust	0.3.3	raw-object-lost
densityratio	0.2.3	raw-object-lost
denvax	0.1.2	raw-object-lost
depcache	0.1-2	raw-object-lost
depCensoring	0.1.10	raw-object-lost
depcoeff	1.0.1	raw-object-lost
DEploid.utils	0.0.1	raw-object-lost
DepMod	0.1.0	raw-object-lost
DepthProc	2.1.6	raw-object-lost
depthR	0.1.8	raw-object-lost
derivmkts	0.2.5.1	raw-object-lost
derrick	0.1.1	raw-object-lost
DescriptiveRepresentationCalculator	1.1.1	raw-object-lost
DescTools	0.99.60	raw-object-lost
deseats	1.1.2	raw-object-lost
designer	0.3.0	raw-object-lost
desirability2	0.2.0	raw-object-lost
despair	0.1.1	raw-object-lost
DET	3.0.3	raw-object-lost
detectnorm	1.0.0	raw-object-lost
detector	0.1.0	raw-object-lost
detectRUNS	0.9.6	raw-object-lost
detectseparation	0.4.0	raw-object-lost
detrendr	0.6.15	raw-object-lost
devianLM	1.1.0	raw-object-lost
devRate	0.2.6	raw-object-lost
dfadjust	1.1.0	raw-object-lost
DFBA	0.1.0	raw-object-lost
dfidx	0.2-0	raw-object-lost
dfms	1.0.1	raw-object-lost
dfvad	0.3.6	raw-object-lost
dga	2.0.2	raw-object-lost
DGEobj	1.1.2	raw-object-lost
DGEobj.utils	1.0.6	raw-object-lost
dggridR	3.1.1	raw-object-lost
dglm	1.8.6	raw-object-lost
DGLMExtPois	0.2.4	raw-object-lost
dgpsi	2.6.0	raw-object-lost
diagcounts	0.1.0	raw-object-lost
diagis	0.2.3	raw-object-lost
diagonals	6.4.0	raw-object-lost
DiagrammeR	1.0.12	raw-object-lost
DiallelAnalysisR	0.6.0	raw-object-lost
dials	1.4.4	raw-object-lost
diario	0.1.2	raw-object-lost
DiceKriging	1.6.1	raw-object-lost
diceplot	0.2.2	raw-object-lost
did	2.5.1	raw-object-lost
did2s	1.2.1	raw-object-lost
DidacticBoost	0.1.1	raw-object-lost
didimputation	0.5.1	raw-object-lost
diffdf	1.1.2	raw-object-lost
diffeqr	2.1.0	raw-object-lost
diffMeshGP	0.1.1	raw-object-lost
diffpriv	0.4.2	raw-object-lost
DiffXTables	0.1.3	raw-object-lost
digest	0.6.39	raw-object-lost
DigestiveDataSets	0.2.0	raw-object-lost
digiNORM	0.1.0	raw-object-lost
digitTests	0.1.2	raw-object-lost
DImodelsVis	1.0.5	raw-object-lost
dina	2.0.2	raw-object-lost
dint	2.1.5	raw-object-lost
dipsaus	0.3.5	raw-object-lost
dir2json	0.1.0	raw-object-lost
Dire	2.2.0	raw-object-lost
DirectEffects	0.3	raw-object-lost
dirichletprocess	0.4.2	raw-object-lost
DirichletReg	0.7-2	raw-object-lost
DisaggregateTS	3.0.1	raw-object-lost
disastr.api	1.0.6	raw-object-lost
discAUC	1.1.0	raw-object-lost
disclapmix2	0.6.1	raw-object-lost
DiSCos	0.1.4	raw-object-lost
discovr	1.0.0	raw-object-lost
discrim	1.1.0	raw-object-lost
discSurv	2.5.1	raw-object-lost
discursive	0.1.1	raw-object-lost
diseasemapping	2.0.6	raw-object-lost
diseasystore	0.3.3	raw-object-lost
disposables	1.0.3	raw-object-lost
disprofas	0.2.1	raw-object-lost
dissimilarities	0.3.0	raw-object-lost
dist.structure	0.5.0	raw-object-lost
Distance	2.0.1	raw-object-lost
distances	0.1.13	raw-object-lost
distanceto	0.0.3	raw-object-lost
distcrete	1.0.3	raw-object-lost
distr	2.9.7	raw-object-lost
DistributionUtils	0.6-2	raw-object-lost
distro	0.1.1	raw-object-lost
disttools	0.1.8	raw-object-lost
dittodb	0.1.11	raw-object-lost
ditwahLandslide	1.2.0	raw-object-lost
diveMove	1.6.4	raw-object-lost
divraster	1.2.3	raw-object-lost
divseg	0.1.0	raw-object-lost
divvy	1.0.1	raw-object-lost
DLPCA	0.0.5	raw-object-lost
dlr	1.0.1	raw-object-lost
dml	1.1.0	raw-object-lost
dmtools	0.2.6	raw-object-lost
dockerfiler	1.0.0	raw-object-lost
DockerParallel	1.0.4	raw-object-lost
doclingr	0.1.0	raw-object-lost
doclisting	0.1.0	raw-object-lost
docopt	0.7.2	raw-object-lost
docopulae	0.4.0	raw-object-lost
document	4.0.1	raw-object-lost
documentosbr	0.2.0	raw-object-lost
DoE.base	1.2-5	raw-object-lost
dominanceanalysis	2.1.1	raw-object-lost
DominoDataR	0.3.1	raw-object-lost
domir	1.3.0	raw-object-lost
DonutMap	0.1.0	raw-object-lost
donutsk	0.1.1	raw-object-lost
doParallel	1.0.17	raw-object-lost
DOPE	2.1.0	raw-object-lost
doRedis	3.0.3	raw-object-lost
dormancy	0.1.0	raw-object-lost
doRNG	1.8.6.3	raw-object-lost
DoseFinding	1.4-1	raw-object-lost
doubt	0.1.0	raw-object-lost
Dowd	0.12	raw-object-lost
downlit	0.4.5	raw-object-lost
downloadthis	0.5.0	raw-object-lost
DOYPAColors	0.0.2	raw-object-lost
DPCD	0.0.1	raw-object-lost
dpkg	0.6.2	raw-object-lost
DPQmpfr	0.3-3	raw-object-lost
DQAgui	0.2.6	raw-object-lost
dragracer	0.1.7	raw-object-lost
drape	0.0.2	raw-object-lost
drda	2.0.5	raw-object-lost
DrData	0.2.0	raw-object-lost
DRDID	1.3.0	raw-object-lost
dreamer	3.2.0	raw-object-lost
dreamerr	1.5.0	raw-object-lost
drifter	0.2.1	raw-object-lost
drlate	0.3.1	raw-object-lost
drMAIC	0.1.0	raw-object-lost
dropout	2.2.0	raw-object-lost
dropR	1.0.6	raw-object-lost
drord	1.0.1	raw-object-lost
drpop	0.0.3	raw-object-lost
drtmle	1.1.2	raw-object-lost
drugsens	0.1.0	raw-object-lost
ds4psy	1.3.0	raw-object-lost
DSAIRM	1.0.0	raw-object-lost
dsBase	6.3.5	raw-object-lost
dscore	2.0.0	raw-object-lost
dsem	3.0.0	raw-object-lost
DSI	1.8.0	raw-object-lost
dsims	1.0.6	raw-object-lost
DSLite	1.4.1	raw-object-lost
dsm	2.3.4	raw-object-lost
dsmmR	1.0.7	raw-object-lost
DSMolgenisArmadillo	4.0.1	raw-object-lost
dsn	0.1.0	raw-object-lost
dsos	0.1.2	raw-object-lost
dspline	1.0.4	raw-object-lost
dsrTest	1.0.0	raw-object-lost
dssd	1.0.3	raw-object-lost
DstarM	0.5.0	raw-object-lost
dsTidyverse	1.2.1	raw-object-lost
dsTidyverseClient	1.1.0	raw-object-lost
Dtableone	1.1.0	raw-object-lost
dtaudit	0.1.1	raw-object-lost
DTComPair	1.2.6	raw-object-lost
DTEAssurance	1.1.0	raw-object-lost
dtlg	0.1.0	raw-object-lost
dtlscores	0.1.0	raw-object-lost
dtmapi	0.1.0	raw-object-lost
dtpcrm	0.1.1	raw-object-lost
dtplyr	1.3.3	raw-object-lost
dtrackr	0.5.0	raw-object-lost
dtreg	1.1.2	raw-object-lost
DTSg	2.1.0	raw-object-lost
dttr2	0.5.2	raw-object-lost
dtts	0.1.4	raw-object-lost
dtw	1.23-3	raw-object-lost
dtwclust	6.0.0	raw-object-lost
DTwrappers	0.0.2	raw-object-lost
dualScale	1.0.0	raw-object-lost
duawranglr	0.6.8	raw-object-lost
duckdbfs	0.1.2	raw-object-lost
duckduckr	1.0.0	raw-object-lost
duckh3	0.1.0	raw-object-lost
duet	0.1.1	raw-object-lost
dunlin	0.1.12	raw-object-lost
dupiR	1.2.1	raw-object-lost
dupNodes	0.3.0	raw-object-lost
dvir	3.4.2	raw-object-lost
dygraphs	1.1.1.6	raw-object-lost
dymo	2.0.0	raw-object-lost
dynamicpv	0.4.2	raw-object-lost
dynamite	1.6.3	raw-object-lost
dynatop	0.2.4	raw-object-lost
dynConfiR	1.1.1	raw-object-lost
dyndimred	1.0.4	raw-object-lost
dynetNLAResistance	0.1.0	raw-object-lost
dynwrap	1.3.0	raw-object-lost
dySEM	1.4.1	raw-object-lost
fable.prophet	0.1.0	raw-object-lost
fabletools	0.8.0	raw-object-lost
FactorAssumptions	2.0.1	raw-object-lost
factorselect	0.1.3	raw-object-lost
factorstochvol	1.1.2	raw-object-lost
factory	0.1.0	raw-object-lost
faersquarterlydata	1.3.0	raw-object-lost
fairmodels	1.2.2	raw-object-lost
fairness	1.2.3	raw-object-lost
fam.recrisk	0.1	raw-object-lost
fanc	2.4.0	raw-object-lost
fancycut	0.1.3	raw-object-lost
FAO56	1.0	raw-object-lost
fastcluster	1.3.0	raw-object-lost
fasterize	1.1.0	raw-object-lost
fastmap	1.2.0	raw-object-lost
fastMatMR	1.2.8	raw-object-lost
fastmit	0.1.1	raw-object-lost
fastpos	0.6.0	raw-object-lost
fastreg	0.14.1	raw-object-lost
FastUtils	0.2.1	raw-object-lost
fastymd	0.1.5	raw-object-lost
fauxnaif	0.7.1	raw-object-lost
faviconPlease	0.2.0	raw-object-lost
fcmfd	0.1.2	raw-object-lost
fEGarch	1.0.6	raw-object-lost
FER	0.94	raw-object-lost
fetch	0.1.5	raw-object-lost
ffscrapr	1.4.8	raw-object-lost
FFTrees	2.1.0	raw-object-lost
fGarch	4052.93	raw-object-lost
fgeo.x	1.1.4	raw-object-lost
fgitR	0.2.0	raw-object-lost
FIESTA	3.7.1	raw-object-lost
FIND	0.1.1	raw-object-lost
findPackage	0.2.0	raw-object-lost
findpython	1.0.9	raw-object-lost
finna	0.1.3	raw-object-lost
firesafety	0.1.0	raw-object-lost
firesale	0.1.1	raw-object-lost
firmmatchr	0.2.0	raw-object-lost
fishtree	0.3.4	raw-object-lost
fitbitr	0.3.0	raw-object-lost
fitbitViz	1.0.8	raw-object-lost
flagr	0.3.2	raw-object-lost
flare	1.8	raw-object-lost
flexCountReg	0.1.1	raw-object-lost
flexiblas	3.4.0	raw-object-lost
flexurba	0.2.3	raw-object-lost
FLightR	0.5.6	raw-object-lost
florabr	1.3.1	raw-object-lost
flourishcharts	1.0.0.3	raw-object-lost
flsa	1.5.5	raw-object-lost
fluxfinder	1.2.2	raw-object-lost
FluxSeparator	2.0.0	raw-object-lost
fluxtools	0.7.1	raw-object-lost
fluxweb	2.0.1	raw-object-lost
FMCensSkewReg	0.1.1	raw-object-lost
fmcmc	0.5-2	raw-object-lost
fmriAR	0.3.2	raw-object-lost
fNonlinear	4052.83	raw-object-lost
fontawesome	0.5.3	raw-object-lost
fontcm	1.2	raw-object-lost
fontquiver	0.2.1	raw-object-lost
footBayes	2.0.0	raw-object-lost
footprint	0.2	raw-object-lost
ForeComp	1.0.0	raw-object-lost
forecTheta	3.0.3	raw-object-lost
foreign	0.8-91	raw-object-lost
forestControl	0.2.2	raw-object-lost
forestry	0.1.1	raw-object-lost
forgts	0.0.1	raw-object-lost
formr	1.1.0	raw-object-lost
FormShare	1.0.1	raw-object-lost
formula.tools	1.7.1	raw-object-lost
forstringr	1.0.0	raw-object-lost
fortniteR	0.1.0	raw-object-lost
fortunes	1.5-5	raw-object-lost
foto	1.1	raw-object-lost
foundry	0.13.0	raw-object-lost
fPASS	1.0.0	raw-object-lost
FPCdpca	0.4.0	raw-object-lost
fpCompare	0.2.6	raw-object-lost
fqacalc	1.1.1	raw-object-lost
fqar	0.5.6	raw-object-lost
fracdiff	1.5-4	raw-object-lost
fractaldim	0.8-5	raw-object-lost
fracture	0.2.2	raw-object-lost
frair	0.5.203	raw-object-lost
franc	1.1.4	raw-object-lost
frbinom	1.0.0	raw-object-lost
free	1.0.2	raw-object-lost
freedom	1.0.1	raw-object-lost
freqdom	2.0.5	raw-object-lost
frequentdirections	0.1.0	raw-object-lost
fresh	0.2.2	raw-object-lost
fritools	4.6.0	raw-object-lost
fritools2	4.1.0	raw-object-lost
FRK	2.3.2	raw-object-lost
frontmatter	0.3.0	raw-object-lost
FSinR	2.0.10	raw-object-lost
fst	0.9.8	raw-object-lost
fTrading	3042.79	raw-object-lost
fucom	0.0.4	raw-object-lost
fude	0.4.1	raw-object-lost
fuj	0.2.2	raw-object-lost
functional	0.7	raw-object-lost
funData	1.3-9	raw-object-lost
funrar	1.5.0	raw-object-lost
future.apply	1.20.2	raw-object-lost
future.callr	1.0.0	raw-object-lost
future.tests	1.0.0	raw-object-lost
fuzzyforest	1.0.8	raw-object-lost
FuzzyPovertyR	3.0.2	raw-object-lost
fuzzystring	0.0.6	raw-object-lost
fy	0.4.2	raw-object-lost
gaawr2	0.0.8	raw-object-lost
GABB	0.3.10	raw-object-lost
gadget3	0.15-1	raw-object-lost
gageRR	0.1.0	raw-object-lost
GALAHAD	2.0.0	raw-object-lost
galaxias	0.1.2	raw-object-lost
gambin	2.5.0	raw-object-lost
gamesGA	1.1.3.7	raw-object-lost
gamlssx	1.0.2	raw-object-lost
gamma	1.1.0	raw-object-lost
GARCOM	1.2.2	raw-object-lost
gargle	1.6.1	raw-object-lost
gasanalyzer	0.4.3	raw-object-lost
GaSP	1.0.6	raw-object-lost
gatepoints	0.1.5	raw-object-lost
gateR	0.1.16	raw-object-lost
gaussplotR	0.2.5	raw-object-lost
gaussratiovegind	3.0.0	raw-object-lost
GBASS	2.0.1	raw-object-lost
gbcrosswalk	0.0.5	raw-object-lost
gbifdb	1.0.0	raw-object-lost
gbm3	3.0.2	raw-object-lost
gbts	1.2.0	raw-object-lost
GCalignR	1.0.7	raw-object-lost
gcite	0.11.0	raw-object-lost
gclm	0.0.1	raw-object-lost
gcpca	0.0.1	raw-object-lost
gcplyr	1.12.0	raw-object-lost
GCSM	0.2.0	raw-object-lost
GCubeR	0.1.3	raw-object-lost
gdalUtilities	1.2.5	raw-object-lost
gdi	1.10.0	raw-object-lost
gdim	0.1.1	raw-object-lost
gdm	1.6.0-7	raw-object-lost
GDPuc	1.6.1	raw-object-lost
gdtools	0.5.1	raw-object-lost
gdxdt	0.1.0	raw-object-lost
gedi2	2.3.4	raw-object-lost
geeLite	1.0.6	raw-object-lost
geeM	0.10.1	raw-object-lost
geessbin	1.0.2	raw-object-lost
geex	1.1.1	raw-object-lost
GEint	1.1	raw-object-lost
gemma2	0.1.3	raw-object-lost
gen3sis	1.6.0	raw-object-lost
genderapi	1.0.3	raw-object-lost
GenderInfer	0.1.0	raw-object-lost
gendertext	0.1.0	raw-object-lost
GENEAcore	1.2.0	raw-object-lost
genepop	1.2.17	raw-object-lost
GeneralizedHyperbolic	0.8-7	raw-object-lost
GeneralizedWendland	0.6.1	raw-object-lost
genetics	1.3.8.1.3	raw-object-lost
genio	1.1.2	raw-object-lost
genMCMCDiag	0.2.3	raw-object-lost
genodds	1.1.2	raw-object-lost
genpathmox	1.1	raw-object-lost
GeoAdjust	2.0.1	raw-object-lost
geoAr	1.2.2	raw-object-lost
geocmeans	0.3.4	raw-object-lost
geodist	0.1.1	raw-object-lost
geoelectrics	0.2.2	raw-object-lost
geofacet	0.2.4	raw-object-lost
GeoFIS	1.1.1	raw-object-lost
geogenr	2.0.1	raw-object-lost
geogrid	0.1.3	raw-object-lost
geojsonR	1.1.2	raw-object-lost
geomander	2.5.2	raw-object-lost
GeometricMorphometricsMix	0.6.1.1	raw-object-lost
geomorph	4.1.1	raw-object-lost
geonetwork	0.6.0	raw-object-lost
geonuts	1.0.1	raw-object-lost
geos	0.2.5	raw-object-lost
geosimilarity	3.9	raw-object-lost
geospatialsuite	0.2.0	raw-object-lost
geostan	0.8.2	raw-object-lost
geotargets	0.3.1	raw-object-lost
gepaf	0.2.0	raw-object-lost
germinationmetrics	0.1.10	raw-object-lost
geslaR	1.0-3	raw-object-lost
gestate	1.6.0	raw-object-lost
GetBCBData	0.9.1	raw-object-lost
getCRUCLdata	2.0.0	raw-object-lost
GetoptLong	1.1.1	raw-object-lost
getPass	0.2-4	raw-object-lost
GetQuandlData	1.0.0	raw-object-lost
ggallin	0.1.2	raw-object-lost
ggalluvial	0.12.6	raw-object-lost
GGally	2.4.0	raw-object-lost
ggautomap	0.4.0	raw-object-lost
ggblend	0.1.2	raw-object-lost
ggbuildr	0.1.0	raw-object-lost
ggcharts	0.2.1	raw-object-lost
ggcircular	0.1.0	raw-object-lost
ggdag	0.2.13	raw-object-lost
ggdibbler	0.6.5	raw-object-lost
ggdist	3.3.3	raw-object-lost
ggdmc	0.2.6.2	raw-object-lost
ggDNAvis	1.0.1	raw-object-lost
ggeasy	0.1.6	raw-object-lost
ggeffects	2.3.2	raw-object-lost
GGenemy	0.1.0	raw-object-lost
ggetho	0.3.7	raw-object-lost
ggExtra	0.11.0	raw-object-lost
ggfields	0.0.7	raw-object-lost
ggfixest	0.4.0	raw-object-lost
ggfun	0.2.1	raw-object-lost
gggenes	0.7.0	raw-object-lost
gghalfnorm	1.1.2	raw-object-lost
gghighlight	0.5.0	raw-object-lost
gghist	0.1.0	raw-object-lost
ggimg	0.1.2	raw-object-lost
ggInterval	0.2.5	raw-object-lost
ggiraph	0.9.6	raw-object-lost
ggkodom	1.0.3	raw-object-lost
gglgbtq	0.2.0	raw-object-lost
gglogger	0.1.8	raw-object-lost
gglyph	0.2.0	raw-object-lost
ggmapcn	0.3.0	raw-object-lost
ggmemo	0.1.0	raw-object-lost
ggmice	0.1.1	raw-object-lost
ggnetwork	0.5.14	raw-object-lost
ggnewscale	0.5.2	raw-object-lost
ggparty	1.0.0.1	raw-object-lost
ggpath	1.1.1	raw-object-lost
ggpicrust2	2.5.17	raw-object-lost
ggplot2	4.0.3	raw-object-lost
ggplot2.utils	0.3.3	raw-object-lost
ggpmisc	1.0.0	raw-object-lost
ggPMX	1.3.2	raw-object-lost
ggpointdensity	0.2.1	raw-object-lost
ggpointless	0.3.0	raw-object-lost
ggpower	0.1.2	raw-object-lost
ggprism	1.0.7	raw-object-lost
ggpubr	1.0.0	raw-object-lost
ggpval	0.2.5	raw-object-lost
ggragged	0.2.0	raw-object-lost
ggraptR	1.3	raw-object-lost
ggrefine	0.5.0	raw-object-lost
ggrepel	0.9.8	raw-object-lost
ggreveal	0.2.0	raw-object-lost
ggrounded	0.2.0	raw-object-lost
ggsankeyfier	0.1.8	raw-object-lost
ggseg.meshes	0.0.1	raw-object-lost
ggseg3d	2.1.2	raw-object-lost
ggsignif	0.6.4	raw-object-lost
ggsolvencyii	0.1.2	raw-object-lost
ggspark	0.0.2	raw-object-lost
ggstackplot	0.4.1	raw-object-lost
ggstance	0.3.7	raw-object-lost
ggsurveillance	0.5.2	raw-object-lost
ggtrace	0.2.0	raw-object-lost
ggtricks	0.1.0	raw-object-lost
ggVennDiagram	1.5.7	raw-object-lost
ggvfields	1.0.1	raw-object-lost
ggview	0.2.2	raw-object-lost
ggWebGL	0.8.0	raw-object-lost
GHCNr	1.4.7	raw-object-lost
GHRexplore	0.2.2	raw-object-lost
GHRmodel	0.1.1	raw-object-lost
gif	0.1.1	raw-object-lost
GIGrvg	0.8	raw-object-lost
GillespieSSA2	0.3.0	raw-object-lost
gimap	1.1.3	raw-object-lost
gimme	10.0	raw-object-lost
GimmeMyPlot	0.1.0	raw-object-lost
GiniDecompLY	1.0.1	raw-object-lost
GiRaF	1.0.2	raw-object-lost
gistr	0.9.0	raw-object-lost
git2r	0.36.2	raw-object-lost
gitcreds	0.1.2	raw-object-lost
gitdown	0.1.6	raw-object-lost
gitear	1.0.0	raw-object-lost
gitlabr	2.1.0	raw-object-lost
gittargets	0.0.7	raw-object-lost
gk	0.6.0	raw-object-lost
GK2011	0.1.3	raw-object-lost
gkrreg	0.4.0	raw-object-lost
glam	1.0.2	raw-object-lost
glarma	1.7-1	raw-object-lost
glassdoor	0.9.0	raw-object-lost
gldrm	1.6	raw-object-lost
glioblastomaEHRsData	1.1.0	raw-object-lost
glm.deploy	1.0.4	raw-object-lost
glmfitmiss	2.1.0	raw-object-lost
glmm	1.4.5	raw-object-lost
glmmPen	1.5.4.8	raw-object-lost
glmmsel	1.0.3	raw-object-lost
glmnetUtils	1.1.9	raw-object-lost
glmpca	0.2.0	raw-object-lost
GlmSimulatoR	1.0.0	raw-object-lost
globalKinhom	0.1.10	raw-object-lost
GlobalOptions	0.1.4	raw-object-lost
glue	1.8.1	raw-object-lost
glueDo	0.1.0	raw-object-lost
gluedown	1.0.9	raw-object-lost
gmailr	3.0.0	raw-object-lost
gmapsdistance	4.0.5	raw-object-lost
GMC	0.1.2	raw-object-lost
gmfamm	0.1.1	raw-object-lost
GMMAT	1.5.0	raw-object-lost
gmoTree	1.4.1	raw-object-lost
gms	0.31.2	raw-object-lost
gofigR	1.1.3	raw-object-lost
gofreg	1.0.0	raw-object-lost
goftest	1.2-3	raw-object-lost
googleCloudStorageR	0.7.0	raw-object-lost
googledrive	2.1.2	raw-object-lost
googleLanguageR	0.3.1.1	raw-object-lost
googlePubsubR	0.0.4	raw-object-lost
googler	0.0.1	raw-object-lost
googleTagManageR	0.2.0	raw-object-lost
gpbiometrics	0.1.0	raw-object-lost
gpbStat	0.4.4	raw-object-lost
GPEMR	0.1.0	raw-object-lost
GPfit	1.0-9	raw-object-lost
GpGp	1.0.0	raw-object-lost
gpindex	0.6.3	raw-object-lost
gpkg	0.0.14	raw-object-lost
gpmap	0.1.3	raw-object-lost
GPpenalty	1.0.1	raw-object-lost
GPSCDF	0.1.1	raw-object-lost
grade	0.2-1	raw-object-lost
gradeR	2.0.1	raw-object-lost
gradLasso	0.1.1	raw-object-lost
grafify	5.1.0	raw-object-lost
gRain	1.4.6	raw-object-lost
grangersearch	0.1.0	raw-object-lost
grantham	0.1.4	raw-object-lost
grapes	1.0.0	raw-object-lost
grapesAgri1	1.1.0	raw-object-lost
grapherator	1.0.0	raw-object-lost
grates	1.8.0	raw-object-lost
graticule	0.4.0	raw-object-lost
grattan	2026.1.1	raw-object-lost
gravitas	0.1.3	raw-object-lost
gravityGE	1.0.0	raw-object-lost
greeks	1.5.6	raw-object-lost
greenclust	1.1.1	raw-object-lost
GregoryQuadrature	1.0.0	raw-object-lost
gridBezier	1.1-1	raw-object-lost
griddy	0.1.0	raw-object-lost
gridGeometry	0.4-0	raw-object-lost
gridGraphics	0.5-1	raw-object-lost
GRNNs	0.1.0	raw-object-lost
groupr	0.1.2	raw-object-lost
groupWQS	0.0.3	raw-object-lost
growR	1.3.0	raw-object-lost
growthcleanr	2.2.3	raw-object-lost
GrowthCurveME	0.1.11	raw-object-lost
growthTrendR	0.2.2	raw-object-lost
grplasso	0.4-7	raw-object-lost
grpreg	3.6.0	raw-object-lost
grpSLOPE	0.3.4	raw-object-lost
GRShiny	1.0.1	raw-object-lost
grumpy	0.1.1	raw-object-lost
grwat	0.1	raw-object-lost
gscounts	0.1-4	raw-object-lost
gsignal	0.3-7	raw-object-lost
GSM	1.3.2	raw-object-lost
GSODR	5.0.1	raw-object-lost
gspcr	0.9.5	raw-object-lost
gstat	2.1-6	raw-object-lost
gstsm	1.0.0	raw-object-lost
GsymPoint	1.1.2	raw-object-lost
gt	1.3.0	raw-object-lost
gtable	0.3.6	raw-object-lost
gtexr	0.2.1	raw-object-lost
gtfsrouter	0.1.4	raw-object-lost
gtreg	0.4.2	raw-object-lost
guaguas	0.3.0	raw-object-lost
guardianapi	0.1.1	raw-object-lost
guidedPLS	1.2.1	raw-object-lost
guildai	0.0.1	raw-object-lost
GUILDS	1.4.7	raw-object-lost
gunit	1.0.3	raw-object-lost
gutenbergr	0.5.2	raw-object-lost
gvc	6.4.0	raw-object-lost
GVS	0.0.2	raw-object-lost
gwas2crispr	0.1.5	raw-object-lost
GxEScanR	3.0.0	raw-object-lost
labeleR	0.4.0	raw-object-lost
labNorm	1.0.1	raw-object-lost
lacrmr	1.0.5	raw-object-lost
LaF	0.8.6	raw-object-lost
lakefetch	0.1.3	raw-object-lost
LakeMetabolizer	1.5.6	raw-object-lost
laminr	1.3.1	raw-object-lost
LandComp	0.0.5	raw-object-lost
landmaRk	0.1.3	raw-object-lost
lang	0.1.2	raw-object-lost
languagelayeR	1.2.4	raw-object-lost
latbias	1.0.0	raw-object-lost
latent2likert	1.2.1	raw-object-lost
LATERmodel	0.2.0	raw-object-lost
latrend	1.6.3	raw-object-lost
LatticeKrig	9.4.1	raw-object-lost
lazysql	0.1.3	raw-object-lost
lazytrade	0.5.4	raw-object-lost
LBDiscover	0.1.0	raw-object-lost
lbfgsb3c	2024-3.5	raw-object-lost
lcars	0.4.1	raw-object-lost
LDAcoop	0.1.2	raw-object-lost
LDAShiny	1.0.0	raw-object-lost
leadeR	0.1.0	raw-object-lost
leaf	0.1.0	raw-object-lost
leafareaR	0.0.1	raw-object-lost
leafdown	1.2.0	raw-object-lost
leaflet.providers	3.0.0	raw-object-lost
leakr	0.1.0	raw-object-lost
leapgp	1.0.0	raw-object-lost
leaps	3.2	raw-object-lost
LearnPCA	0.3.4	raw-object-lost
ledger	2.1.1	raw-object-lost
leiden	0.4.3.1	raw-object-lost
lemna	1.0.2	raw-object-lost
lemon	0.5.2	raw-object-lost
lest	1.1.0	raw-object-lost
leunbachR	0.1.0	raw-object-lost
levelSets	0.8.2	raw-object-lost
LexisNexisTools	1.0.0	raw-object-lost
lfmm	1.1	raw-object-lost
libbib	1.6.4	raw-object-lost
lifecycle	1.0.5	raw-object-lost
LifeTableBuilder	0.1.3	raw-object-lost
lightgbm	4.7.0	raw-object-lost
lightsout	0.3.2	raw-object-lost
lingglosses	0.0.11	raw-object-lost
LinkedMatrix	1.4.0	raw-object-lost
linkprediction	1.0-0	raw-object-lost
lintr	3.4.0	raw-object-lost
liqueueR	0.0.5	raw-object-lost
lisp	0.2	raw-object-lost
list	9.2.6	raw-object-lost
listArray	0.1.1	raw-object-lost
LISTO	0.8.1	raw-object-lost
lite	1.1.1	raw-object-lost
liteq	1.1.0	raw-object-lost
litterfitter	0.1.4	raw-object-lost
llrem	0.1.1	raw-object-lost
LLSR	0.0.4	raw-object-lost
lmeresampler	0.2.4	raw-object-lost
lmForc	1.0.0	raw-object-lost
LMN	1.1.3	raw-object-lost
lobby	0.0.2	raw-object-lost
lobbyR	0.1.1	raw-object-lost
LocalCop	0.0.2	raw-object-lost
localICE	0.1.1	raw-object-lost
loder	0.2.1	raw-object-lost
loewesadditivity	0.1.0	raw-object-lost
lofifonts	0.1.3	raw-object-lost
LOGAN	1.0.1	raw-object-lost
logging	0.10-111	raw-object-lost
logisticPCA	0.2	raw-object-lost
logKDE	0.3.3	raw-object-lost
logolink	1.0.0	raw-object-lost
logrx	0.4.0	raw-object-lost
LOPART	2024.6.19	raw-object-lost
lorax	0.1.0	raw-object-lost
lpdensity	3.0.1	raw-object-lost
lrequire	0.1.3	raw-object-lost
lsmeans	2.30-2	raw-object-lost
LSX	1.5.2	raw-object-lost
LTFGRS	1.0.1	raw-object-lost
ltmle	1.3-0	raw-object-lost
lubrilog	1.3.0	raw-object-lost
lulab.utils	1.0.2	raw-object-lost
luz	0.5.2	raw-object-lost
lvimp	1.0.0	raw-object-lost
LWFBrook90R	0.6.3	raw-object-lost
o2ools	0.0.1	raw-object-lost
oaii	0.5.0	raw-object-lost
OasisR	3.1.1	raw-object-lost
obAnalytics	0.1.1	raw-object-lost
obfuscatoR	0.2.2	raw-object-lost
occupationMeasurement	0.3.2	raw-object-lost
oce	1.8-4	raw-object-lost
od	0.5.1	raw-object-lost
ODataQuery	0.5.3	raw-object-lost
odin	1.2.7	raw-object-lost
OECD	0.2.5	raw-object-lost
OGI	1.0.0	raw-object-lost
oglcnac	0.1.5	raw-object-lost
okcolors	0.1.2	raw-object-lost
OncoDataSets	0.1.0	raw-object-lost
OneSampleMR	0.1.8	raw-object-lost
onetime	0.2.0	raw-object-lost
onewaytests	3.1	raw-object-lost
onpoint	1.1	raw-object-lost
onsr	1.0.2	raw-object-lost
openairmaps	0.10.1	raw-object-lost
openbankeR	0.1.1	raw-object-lost
opencage	0.2.2	raw-object-lost
openCR	2.2.7	raw-object-lost
openintro	2.5.1	raw-object-lost
openmetrics	0.3.0	raw-object-lost
OpenMx	2.22.11	raw-object-lost
OpenRepGrid.ic	0.6.2	raw-object-lost
OpenSourceAP.DownloadR	0.1.0	raw-object-lost
openssl	2.4.2	raw-object-lost
openVA	1.2.0	raw-object-lost
optbinningR	0.2.1	raw-object-lost
opticskxi	1.2.2	raw-object-lost
opticut	0.1-4	raw-object-lost
optim.functions	0.1	raw-object-lost
optimCheck	1.0.1	raw-object-lost
optimizeR	1.3.0	raw-object-lost
optimx	2025-4.9	raw-object-lost
optmatch	0.10.8	raw-object-lost
optweight	2.0.1	raw-object-lost
Orcs	1.2.3	raw-object-lost
ordering	0.7.0	raw-object-lost
ordinalGOF	0.1.0	raw-object-lost
ORFID	1.0.3	raw-object-lost
organik	1.0.1	raw-object-lost
ORscraper	0.1.1	raw-object-lost
orthGS	0.1.8	raw-object-lost
OrthoPanels	1.2-4	raw-object-lost
osbng	0.2.0	raw-object-lost
OSLdecomposition	1.2	raw-object-lost
osrmr	0.1.36	raw-object-lost
OTrecod	0.1.2	raw-object-lost
OtsuSeg	0.1.0	raw-object-lost
outbreaks	1.9.0	raw-object-lost
outstandR	2.0.0	raw-object-lost
overshiny	0.2.0	raw-object-lost
overtureR	0.2.5	raw-object-lost
owidR	1.4.2	raw-object-lost
oysteR	0.1.4	raw-object-lost
s3	1.1.0	raw-object-lost
s3fs	0.1.7	raw-object-lost
S4DM	0.0.2	raw-object-lost
S7	0.2.2	raw-object-lost
sabre	0.4.3	raw-object-lost
saeczi	0.2.0	raw-object-lost
saePseudo	0.1.0	raw-object-lost
safeframe	1.0.0	raw-object-lost
safejoin	0.2.0	raw-object-lost
SAiVE	1.0.6	raw-object-lost
sakura	0.1.0	raw-object-lost
salesforcer	1.0.2	raw-object-lost
salty	0.1.2	raw-object-lost
sampleSelection	1.2-14	raw-object-lost
samplr	1.1.2	raw-object-lost
sanba	0.0.4	raw-object-lost
sankey	1.0.2	raw-object-lost
SAR	1.0.4	raw-object-lost
sasquatch	0.1.3	raw-object-lost
sasr	0.1.5	raw-object-lost
sassy	1.3.2	raw-object-lost
savvyGLM	0.1.4	raw-object-lost
savvyr	0.1.2	raw-object-lost
savvySh	0.1.1	raw-object-lost
Saylac	0.1.3	raw-object-lost
scan	0.68.1	raw-object-lost
scapesClassification	1.0.0	raw-object-lost
scatterPlotMatrix	0.3.0	raw-object-lost
scclust	0.2.5	raw-object-lost
SCDB	0.6.2	raw-object-lost
sched	1.0.3	raw-object-lost
schemr	0.3.1	raw-object-lost
scholidonline	0.2.0	raw-object-lost
schrute	1.0.1	raw-object-lost
schumaker	1.2.2	raw-object-lost
scicomptools	1.1.1	raw-object-lost
scientific	2025.1	raw-object-lost
scifigure	0.2	raw-object-lost
scimo	0.0.3	raw-object-lost
SciViews	0.9-13.2	raw-object-lost
scpi	4.0.1	raw-object-lost
scquantum	1.0.0	raw-object-lost
screenshotbase	0.1.0	raw-object-lost
scregclust	0.2.4	raw-object-lost
scriptName	1.0.1	raw-object-lost
scrutr	0.3.1	raw-object-lost
scryr	1.0.0	raw-object-lost
scutr	0.2.0	raw-object-lost
sd2R	0.2.1	raw-object-lost
sdafilter	1.0.1	raw-object-lost
sdf.test	0.0.1.0	raw-object-lost
sdim	0.1.0	raw-object-lost
SDMtune	1.3.3	raw-object-lost
sdtmchecks	1.0.0	raw-object-lost
seairmobility	0.1.0	raw-object-lost
seasonalytics	0.1.0	raw-object-lost
secr	5.4.3	raw-object-lost
secret	1.1.0	raw-object-lost
secsse	3.7.0	raw-object-lost
sedproxy	0.7.6	raw-object-lost
Select	1.6	raw-object-lost
SelectBoost.beta	0.4.5	raw-object-lost
SelectBoost.gamlss	0.2.2	raw-object-lost
SelectBoost.quantile	0.3.1	raw-object-lost
selectTWFE	0.2.1	raw-object-lost
SelfControlledCohort	2.0.0	raw-object-lost
semantic.dashboard	0.2.1	raw-object-lost
semboottools	0.1.2.1	raw-object-lost
SemiPar.depCens	0.1.3	raw-object-lost
semnar	0.8.2	raw-object-lost
semver	0.2.1	raw-object-lost
SensIAT	0.3.0	raw-object-lost
SensMap	0.7	raw-object-lost
sensobol	1.2.0	raw-object-lost
sensR	1.5-3	raw-object-lost
sentimentr	2.9.0	raw-object-lost
sequential.pops	0.1.1	raw-object-lost
serieshaz	0.2.0	raw-object-lost
settingsSync	3.0.2	raw-object-lost
setweaver	1.0.0	raw-object-lost
sFFLHD	0.1.2	raw-object-lost
sfheaders	0.4.5	raw-object-lost
sftpR	0.2.0	raw-object-lost
sgboost	0.2.0	raw-object-lost
sgd	1.1.3	raw-object-lost
sgmodel	0.1.2	raw-object-lost
SharpeR	1.4.0	raw-object-lost
SHELF	1.13.0	raw-object-lost
shellgame	0.1.1	raw-object-lost
shiny	1.14.0	raw-object-lost
shiny.i18n	0.3.0	raw-object-lost
shiny.semantic	0.5.1	raw-object-lost
shiny.telemetry	0.3.2	raw-object-lost
shiny.webawesome	1.0.0	raw-object-lost
shiny2docker	0.0.4	raw-object-lost
shinyAce	0.4.4	raw-object-lost
shinyChakraUI	1.1.1	raw-object-lost
shinyCLT	0.9.4	raw-object-lost
shinydrive	0.1.5	raw-object-lost
shinyGovstyle	0.2.0	raw-object-lost
shinyjs	2.1.1	raw-object-lost
shinylogs	0.2.1	raw-object-lost
shinymrp	0.10.0	raw-object-lost
shinySearchbar	1.0.0	raw-object-lost
shinyStep	0.5.1	raw-object-lost
shinytest2	0.5.1	raw-object-lost
shinyTimer	0.1.0	raw-object-lost
shinyWidgets	0.9.1	raw-object-lost
shortuuid	0.1.1	raw-object-lost
showimage	1.0.0	raw-object-lost
sicher	0.1.1	raw-object-lost
signal	1.8-1	raw-object-lost
SignalY	1.1.1	raw-object-lost
sigr	1.1.5	raw-object-lost
Silhouette	0.9.6	raw-object-lost
sim2Dpredictr	0.1.1	raw-object-lost
simaerep	1.0.0	raw-object-lost
SimBIID	0.2.2	raw-object-lost
SimCorMultRes	1.9.0	raw-object-lost
simdd	1.1-2	raw-object-lost
simDNAmixtures	1.1.2	raw-object-lost
simlandr	0.4.1	raw-object-lost
simmer.bricks	0.2.2	raw-object-lost
simMetric	0.1.1	raw-object-lost
simPH	1.3.15	raw-object-lost
simpleCache	0.5.0	raw-object-lost
simplegraphdb	2021.03.10	raw-object-lost
simpleRCache	0.3.3	raw-object-lost
simplexgof	0.1.0	raw-object-lost
simpowa	1.0.3	raw-object-lost
simsalapar	1.0-13	raw-object-lost
simuclustfactor	0.0.3	raw-object-lost
simulateDCE	0.3.2	raw-object-lost
simulator	0.2.5	raw-object-lost
simulist	0.7.0	raw-object-lost
singleRcapture	1.1.0	raw-object-lost
singR	0.1.3	raw-object-lost
SiPhyNetwork	1.1.0	raw-object-lost
SITH	1.1.0	raw-object-lost
sits	1.5.4	raw-object-lost
sjmisc	2.8.11	raw-object-lost
sjPlot	2.9.0	raw-object-lost
SKBD	0.1.1	raw-object-lost
SkeletalVis	0.1.2	raw-object-lost
skytrackr	2.0	raw-object-lost
slam	0.1-56	raw-object-lost
SlideCNA	0.1.0	raw-object-lost
slider	0.3.3	raw-object-lost
sloop	1.0.1	raw-object-lost
slowraker	0.1.1	raw-object-lost
slurm	2025.4.9	raw-object-lost
smacpod	2.6.4	raw-object-lost
SmallCountRounding	1.2.5	raw-object-lost
SmartEDA	0.3.10	raw-object-lost
smartsizer	1.0.3	raw-object-lost
SmokingHistoryGenerator	7.0.0	raw-object-lost
smoothedIPW	0.1.0	raw-object-lost
smurf	1.1.8	raw-object-lost
snakecase	0.11.1	raw-object-lost
snapKrig	0.0.3	raw-object-lost
snic	0.6.1	raw-object-lost
snotelr	1.5.2	raw-object-lost
SNSequate	1.3-5	raw-object-lost
SOAs	1.4-1	raw-object-lost
sobol	1.0.0	raw-object-lost
socialranking	1.2.0	raw-object-lost
sociome	3.0.1	raw-object-lost
SoilHyP	0.1.7	raw-object-lost
soilKey	0.9.184	raw-object-lost
SoilManageR	1.1.0	raw-object-lost
soiltestcorr	2.2.1	raw-object-lost
solartime	0.0.4	raw-object-lost
solidauthr	0.1.2	raw-object-lost
SOMbrero	1.5.0	raw-object-lost
sourcetools	0.1.7-2	raw-object-lost
sourcoise	1.1.0	raw-object-lost
sox	1.2.3	raw-object-lost
SoyURT	1.0.0	raw-object-lost
spam	2.11-4	raw-object-lost
sparkhail	0.1.1	raw-object-lost
sparkxgb	0.2.1	raw-object-lost
sparrpowR	0.2.9	raw-object-lost
sparseFLMM	0.4.2	raw-object-lost
sparsegl	1.1.1	raw-object-lost
sparseinv	0.1.4	raw-object-lost
sparselu	0.3.0	raw-object-lost
sparseMVN	0.2.2	raw-object-lost
sparseR	0.3.2	raw-object-lost
sparsesvd	0.2-3	raw-object-lost
SpatialEpi	1.2.8	raw-object-lost
SpatialRDD	0.1.0	raw-object-lost
SpatPCA	1.3.8	raw-object-lost
spatstat.gui	3.1-0	raw-object-lost
spBayes	0.4-9	raw-object-lost
spboost	0.7.0	raw-object-lost
SPCompute	1.0.3	raw-object-lost
spdl	0.0.5	raw-object-lost
specr	1.0.0	raw-object-lost
spectralAnomaly	0.1.1	raw-object-lost
speechmatics	0.1.0	raw-object-lost
spgs	1.0-4	raw-object-lost
spider	1.5.3	raw-object-lost
splikit	2.3.1	raw-object-lost
splinetrials	0.1.1	raw-object-lost
splitTools	1.0.1	raw-object-lost
spNNGP	1.0.2	raw-object-lost
spoiler	1.0.0	raw-object-lost
SpoMAG	0.1.0	raw-object-lost
spork	0.3.5	raw-object-lost
sportyR	2.2.3	raw-object-lost
spreadr	0.3.0	raw-object-lost
SPSP	0.2.0	raw-object-lost
spStack	1.1.3	raw-object-lost
srcpkgs	0.2.1	raw-object-lost
ssebiEF	1.0.1	raw-object-lost
SSEparser	0.1.0	raw-object-lost
ssh	0.9.4	raw-object-lost
sship	0.9.0	raw-object-lost
SSIMmap	0.4.0	raw-object-lost
ssmooth	0.1.0	raw-object-lost
SSP	1.1.0	raw-object-lost
sspm	1.1.0	raw-object-lost
stableGR	1.2	raw-object-lost
stabm	1.2.2	raw-object-lost
staccuracy	0.2.2	raw-object-lost
stacr	0.1.0	raw-object-lost
stagedtrees	2.3.0	raw-object-lost
stagsynth	0.1.0	raw-object-lost
standardize	0.2.2	raw-object-lost
standardlastprofile	2.0.1	raw-object-lost
staninside	0.0.4	raw-object-lost
staplr	3.2.2	raw-object-lost
starling	1.1.0	raw-object-lost
starsTileServer	0.1.1	raw-object-lost
starvz	0.8.4	raw-object-lost
starwarsdb	0.1.3	raw-object-lost
statcodelists	0.9.2	raw-object-lost
STATcubeR	1.0.0	raw-object-lost
states	0.3.3	raw-object-lost
statgen	0.3.2	raw-object-lost
statgenIBD	1.0.11	raw-object-lost
StatisticTeach1	0.1.2	raw-object-lost
StatRank	0.0.6	raw-object-lost
statsearchanalyticsr	0.1.4	raw-object-lost
stcpR6	0.9.8	raw-object-lost
STCYP	1.0.0	raw-object-lost
stdbscan	0.2.0	raw-object-lost
stdvectors	0.0.5	raw-object-lost
stemmatology	0.3.2	raw-object-lost
STEPCAM	1.2.3	raw-object-lost
stepmetrics	1.0.3	raw-object-lost
stepssurvey	0.1.0	raw-object-lost
stickyr	0.1.3	raw-object-lost
stIHC	0.1.0	raw-object-lost
stim	1.0.0	raw-object-lost
stm	1.3.8	raw-object-lost
STMr	0.1.7	raw-object-lost
StochSimR	1.1.0	raw-object-lost
stochtree	0.4.5	raw-object-lost
stochvolTMB	0.3.0	raw-object-lost
stoichUtilities	1.0.2	raw-object-lost
stopmotion	0.1.0	raw-object-lost
stopwords	2.3	raw-object-lost
stors	1.0.1	raw-object-lost
strand	0.2.3	raw-object-lost
stratallo	3.0.1	raw-object-lost
StrathE2E2	3.3.0	raw-object-lost
StratifiedMedicine	1.0.7	raw-object-lost
streambugs	1.4	raw-object-lost
streamsampler	0.1.0	raw-object-lost
streamy	0.2.1	raw-object-lost
streetscape	1.0.5	raw-object-lost
strength	0.1.0	raw-object-lost
stringArt	0.1.0	raw-object-lost
stringdist	0.9.17	raw-object-lost
structenforcement	0.3.1	raw-object-lost
styler	1.11.0	raw-object-lost
stylo	0.7.71	raw-object-lost
submitr	0.1.0	raw-object-lost
substackR	0.1.15	raw-object-lost
suggests	0.1.0	raw-object-lost
SUMMER	2.0.0	raw-object-lost
SunsVoc	0.1.2	raw-object-lost
super	0.1.1	raw-object-lost
supercells	1.0.0	raw-object-lost
supernova	3.0.2	raw-object-lost
SuperRanker	1.2.1	raw-object-lost
supervisedPRIM	2.0.0	raw-object-lost
sure	0.2.0	raw-object-lost
survdistr	0.0.3	raw-object-lost
survextrap	1.0.1	raw-object-lost
surveysearch	0.1.0	raw-object-lost
survivalsvm	0.0.6	raw-object-lost
survivoR	2.3.12	raw-object-lost
survlab	0.1.0	raw-object-lost
survML	1.2.0	raw-object-lost
survPen	2.0.5	raw-object-lost
survregVB	0.0.2	raw-object-lost
SurvSPro	0.1.0	raw-object-lost
susieR	0.14.2	raw-object-lost
svars	1.3.12	raw-object-lost
SVG	1.0.0	raw-object-lost
svytest	1.1.0	raw-object-lost
swagger	5.32.1	raw-object-lost
swaprinc	1.0.1	raw-object-lost
swaRmverse	0.1.1	raw-object-lost
swirl	2.4.5	raw-object-lost
sylcount	0.2-6	raw-object-lost
syllabifyr	0.1.1	raw-object-lost
sylly	0.1-7	raw-object-lost
symDMatrix	2.1.1	raw-object-lost
syn	0.1.0	raw-object-lost
syncdr	0.1.2	raw-object-lost
Synth	1.1-10	raw-object-lost
synthesis	1.2.5	raw-object-lost
syrup	0.1.4	raw-object-lost
ubair	1.1.1	raw-object-lost
ucimlrepo	0.0.2	raw-object-lost
uclust	1.0.0	raw-object-lost
UCSCXenaTools	1.7.0	raw-object-lost
ukbflow	0.3.4	raw-object-lost
ump	0.5-8	raw-object-lost
umx	4.65.0	raw-object-lost
unfold	1.0.1	raw-object-lost
unglue	0.1.0	raw-object-lost
UniExactFunTest	1.0.1	raw-object-lost
unigd	0.2.0	raw-object-lost
uniqtag	1.0.1	raw-object-lost
unitcm	0.1.2	raw-object-lost
unitquantreg	0.0.6	raw-object-lost
universals	0.0.5	raw-object-lost
untb	1.7-7-1	raw-object-lost
updater	0.1.2	raw-object-lost
updog	2.1.7	raw-object-lost
uptimeRobot	1.0.0	raw-object-lost
ura	1.0.1	raw-object-lost
urbstatdata	0.1.0	raw-object-lost
USA.state.boundaries	1.0.1	raw-object-lost
useful	1.2.7	raw-object-lost
usincometaxes	0.7.1	raw-object-lost
utc	0.1.5	raw-object-lost
utf8	1.2.6	raw-object-lost
yfhist	0.1.3	raw-object-lost
yodel	1.0.0	raw-object-lost
